,시설아이디,주차,조사일자,표본번호,관부직경,엽병장,엽수,엽장,엽폭,개화수,초장,최종화방차수,화방 꽃수(소화수)
0,B농가,4,20231006,1,12.39,139.0,5.0,79.0,70.0,0.0,255.0,0.0,0.0
1,B농가,4,20231006,2,12.59,146.0,5.0,78.0,77.0,0.0,251.0,0.0,0.0
2,B농가,4,20231006,3,13.91,100.0,6.0,73.0,68.0,0.0,209.0,0.0,0.0
3,B농가,4,20231006,4,10.36,111.0,4.0,83.0,80.0,0.0,264.0,0.0,0.0
4,B농가,4,20231006,5,9.48,203.0,3.0,94.0,94.0,0.0,307.0,0.0,0.0
5,B농가,4,20231006,6,15.66,121.0,5.0,96.0,58.0,0.0,291.0,0.0,0.0
6,B농가,4,20231006,7,13.91,159.0,5.0,74.0,72.0,0.0,268.0,0.0,0.0
7,B농가,4,20231006,8,10.39,240.0,4.0,79.0,64.0,0.0,293.0,0.0,0.0
8,B농가,4,20231006,9,11.61,122.0,4.0,68.0,58.0,0.0,237.0,0.0,0.0
9,B농가,5,20231013,1,13.09,142.0,6.0,84.0,74.0,0.0,269.0,0.0,0.0
10,B농가,5,20231013,2,17.78,149.0,6.0,79.0,80.0,0.0,276.0,0.0,0.0
11,B농가,5,20231013,3,20.77,125.0,6.0,84.0,76.0,0.0,222.0,0.0,0.0
12,B농가,5,20231013,4,14.95,122.0,4.0,99.0,92.0,0.0,283.0,0.0,0.0
13,B농가,5,20231013,5,11.98,162.0,4.0,83.0,74.0,0.0,329.0,0.0,0.0
14,B농가,5,20231013,6,21.82,146.0,6.0,103.0,96.0,0.0,297.0,0.0,0.0
15,B농가,5,20231013,7,14.99,146.0,6.0,98.0,81.0,0.0,298.0,0.0,0.0
16,B농가,5,20231013,8,16.38,151.0,5.0,103.0,92.0,0.0,314.0,0.0,0.0
17,B농가,5,20231013,9,13.88,158.0,4.0,89.0,74.0,0.0,261.0,0.0,0.0
18,B농가,6,20231020,1,17.74,121.0,6.0,96.0,94.0,0.0,273.0,0.0,0.0
19,B농가,6,20231020,2,18.45,92.0,7.0,82.0,74.0,0.0,273.0,0.0,0.0
20,B농가,6,20231020,3,21.01,115.0,7.0,82.0,77.0,0.0,227.0,0.0,0.0
21,B농가,6,20231020,4,17.92,132.0,5.0,105.0,96.0,0.0,291.0,0.0,0.0
22,B농가,6,20231020,5,16.16,158.0,4.0,103.0,98.0,0.0,338.0,0.0,0.0
23,B농가,6,20231020,6,22.57,142.0,6.0,105.0,99.0,0.0,300.0,0.0,0.0
24,B농가,6,20231020,7,18.41,105.0,6.0,98.0,83.0,0.0,301.0,0.0,0.0
25,B농가,6,20231020,8,20.87,152.0,5.0,98.0,86.0,0.0,321.0,0.0,0.0
26,B농가,6,20231020,9,18.18,122.0,4.0,105.0,98.0,0.0,263.0,0.0,0.0
27,B농가,7,20231027,1,19.81,123.0,7.0,99.0,95.0,0.0,276.0,1.0,0.0
28,B농가,7,20231027,2,21.04,101.0,7.0,82.0,83.0,0.0,276.0,0.0,0.0
29,B농가,7,20231027,3,22.29,113.0,7.0,92.0,87.0,0.0,230.0,1.0,0.0
30,B농가,7,20231027,4,21.61,103.0,5.0,96.0,85.0,0.0,295.0,0.0,0.0
31,B농가,7,20231027,5,18.44,162.0,5.0,104.0,99.0,0.0,344.0,1.0,0.0
32,B농가,7,20231027,6,22.77,143.0,7.0,104.0,99.0,0.0,307.0,1.0,0.0
33,B농가,7,20231027,7,19.59,143.0,7.0,98.0,84.0,0.0,305.0,0.0,0.0
34,B농가,7,20231027,8,20.97,92.0,6.0,104.0,88.0,0.0,324.0,0.0,0.0
35,B농가,7,20231027,9,21.06,98.0,6.0,90.0,85.0,0.0,266.0,0.0,0.0
36,B농가,8,20231103,1,20.03,126.0,5.0,99.0,96.0,1.0,236.0,1.0,2.0
37,B농가,8,20231103,2,23.45,104.0,8.0,86.0,85.0,1.0,285.0,1.0,0.0
38,B농가,8,20231103,3,23.94,109.0,7.0,89.0,85.0,1.0,231.0,1.0,1.0
39,B농가,8,20231103,4,22.28,105.0,6.0,96.0,86.0,0.0,298.0,1.0,1.0
40,B농가,8,20231103,5,20.02,177.0,6.0,106.0,100.0,2.0,346.0,1.0,1.0
41,B농가,8,20231103,6,23.82,148.0,8.0,107.0,100.0,2.0,307.0,1.0,0.0
42,B농가,8,20231103,7,21.95,64.0,8.0,95.0,92.0,2.0,305.0,1.0,1.0
43,B농가,8,20231103,8,21.41,104.0,7.0,104.0,83.0,1.0,325.0,1.0,0.0
44,B농가,8,20231103,9,22.88,94.0,8.0,90.0,89.0,1.0,270.0,1.0,0.0
45,B농가,9,20231110,1,23.01,112.0,5.0,80.0,80.0,6.0,220.0,1.0,1.0
46,B농가,9,20231110,2,23.8,140.0,6.0,80.0,78.0,3.0,255.0,1.0,2.0
47,B농가,9,20231110,3,22.79,88.0,5.0,90.0,84.0,5.0,200.0,1.0,1.0
48,B농가,9,20231110,4,26.21,105.0,6.0,97.0,89.0,3.0,278.0,1.0,1.0
49,B농가,9,20231110,5,26.58,161.0,6.0,108.0,101.0,5.0,290.0,1.0,2.0
50,B농가,9,20231110,6,23.02,117.0,7.0,78.0,69.0,6.0,251.0,1.0,0.0
51,B농가,9,20231110,7,22.63,70.0,5.0,95.0,89.0,6.0,255.0,1.0,1.0
52,B농가,9,20231110,8,22.44,98.0,6.0,112.0,87.0,5.0,255.0,1.0,2.0
53,B농가,9,20231110,9,27.06,89.0,6.0,91.0,89.0,3.0,230.0,1.0,4.0
54,B농가,10,20231117,1,22.62,120.0,7.0,83.0,82.0,7.0,220.0,1.0,2.0
55,B농가,10,20231117,2,21.34,162.0,6.0,88.0,87.0,5.0,260.0,1.0,1.0
56,B농가,10,20231117,3,25.79,110.0,6.0,95.0,84.0,7.0,218.0,1.0,2.0
57,B농가,10,20231117,4,26.47,142.0,7.0,78.0,72.0,4.0,283.0,1.0,3.0
58,B농가,10,20231117,5,27.16,133.0,6.0,101.0,95.0,5.0,290.0,1.0,3.0
59,B농가,10,20231117,6,27.5,127.0,7.0,82.0,75.0,8.0,252.0,1.0,2.0
60,B농가,10,20231117,7,26.25,77.0,6.0,97.0,82.0,8.0,257.0,1.0,1.0
61,B농가,10,20231117,8,24.85,135.0,7.0,89.0,83.0,7.0,265.0,1.0,2.0
62,B농가,10,20231117,9,28.28,126.0,8.0,112.0,98.0,7.0,257.0,1.0,2.0
63,B농가,11,20231124,1,24.03,125.0,6.0,85.0,82.0,11.0,270.0,1.0,1.0
64,B농가,11,20231124,2,23.93,152.0,7.0,93.0,89.0,8.0,274.0,1.0,2.0
65,B농가,11,20231124,3,25.89,125.0,6.0,88.0,82.0,9.0,250.0,1.0,1.0
66,B농가,11,20231124,4,29.41,146.0,7.0,88.0,79.0,8.0,288.0,1.0,1.0
67,B농가,11,20231124,5,29.17,140.0,6.0,90.0,80.0,9.0,285.0,1.0,1.0
68,B농가,11,20231124,6,27.97,106.0,7.0,90.0,87.0,11.0,250.0,1.0,0.0
69,B농가,11,20231124,7,27.54,93.0,5.0,97.0,90.0,12.0,260.0,1.0,1.0
70,B농가,11,20231124,8,28.26,109.0,6.0,93.0,91.0,11.0,240.0,1.0,1.0
71,B농가,11,20231124,9,28.42,111.0,7.0,80.0,74.0,9.0,247.0,1.0,3.0
72,B농가,12,20231130,1,23.72,129.0,7.0,88.0,82.0,12.0,250.0,1.0,0.0
73,B농가,12,20231130,2,23.57,169.0,7.0,90.0,90.0,9.0,287.0,1.0,2.0
74,B농가,12,20231130,3,24.99,113.0,6.0,88.0,82.0,10.0,247.0,1.0,2.0
75,B농가,12,20231130,4,29.22,152.0,8.0,77.0,65.0,9.0,293.0,1.0,3.0
76,B농가,12,20231130,5,29.83,145.0,7.0,90.0,78.0,10.0,342.0,1.0,2.0
77,B농가,12,20231130,6,31.06,122.0,8.0,87.0,70.0,12.0,263.0,1.0,1.0
78,B농가,12,20231130,7,28.12,70.0,5.0,96.0,82.0,13.0,263.0,1.0,1.0
79,B농가,12,20231130,8,26.31,140.0,5.0,98.0,85.0,12.0,242.0,1.0,1.0
80,B농가,12,20231130,9,29.2,135.0,7.0,75.0,69.0,11.0,251.0,1.0,1.0
81,B농가,13,20231207,1,24.8,100.0,9.0,58.0,53.0,11.0,237.0,1.0,2.0
82,B농가,13,20231207,2,27.82,108.0,8.0,95.0,90.0,11.0,270.0,1.0,3.0
83,B농가,13,20231207,3,24.45,152.0,7.0,82.0,64.0,11.0,276.0,1.0,1.0
84,B농가,13,20231207,4,28.08,140.0,7.0,92.0,83.0,10.0,248.0,1.0,2.0
85,B농가,13,20231207,5,24.61,164.0,6.0,112.0,97.0,14.0,277.0,1.0,3.0
86,B농가,13,20231207,6,29.97,160.0,7.0,90.0,81.0,12.0,258.0,1.0,2.0
87,B농가,13,20231207,7,25.78,78.0,6.0,68.0,54.0,10.0,254.0,1.0,0.0
88,B농가,13,20231207,8,28.43,127.0,6.0,97.0,86.0,12.0,246.0,1.0,1.0
89,B농가,13,20231207,9,27.86,146.0,8.0,82.0,62.0,12.0,222.0,1.0,0.0
90,B농가,14,20231214,1,23.43,143.0,9.0,67.0,69.0,7.0,233.0,1.0,0.0
91,B농가,14,20231214,2,22.04,189.0,7.0,93.0,79.0,8.0,303.0,1.0,0.0
92,B농가,14,20231214,3,23.35,153.0,7.0,83.0,66.0,5.0,280.0,1.0,0.0
93,B농가,14,20231214,4,26.93,171.0,7.0,86.0,75.0,10.0,250.0,1.0,0.0
94,B농가,14,20231214,5,24.93,155.0,6.0,81.0,65.0,9.0,285.0,1.0,0.0
95,B농가,14,20231214,6,27.07,177.0,9.0,78.0,68.0,10.0,286.0,1.0,0.0
96,B농가,14,20231214,8,28.75,175.0,7.0,92.0,80.0,9.0,282.0,1.0,0.0
97,B농가,14,20231214,9,28.2,123.0,8.0,88.0,54.0,10.0,255.0,1.0,0.0
98,B농가,15,20231221,1,25.53,153.0,7.0,71.0,61.0,6.0,249.0,1.0,0.0
99,B농가,15,20231221,2,22.85,202.0,7.0,90.0,86.0,7.0,307.0,1.0,0.0
100,B농가,15,20231221,3,23.81,189.0,7.0,88.0,76.0,4.0,291.0,1.0,0.0
101,B농가,15,20231221,4,25.81,165.0,8.0,87.0,78.0,9.0,305.0,1.0,0.0
102,B농가,15,20231221,5,26.31,185.0,6.0,81.0,70.0,9.0,304.0,1.0,0.0
103,B농가,15,20231221,6,27.54,191.0,9.0,78.0,70.0,7.0,314.0,1.0,0.0
104,B농가,15,20231221,7,28.83,194.0,7.0,104.0,94.0,10.0,306.0,1.0,0.0
105,B농가,15,20231221,8,29.34,156.0,9.0,91.0,88.0,7.0,305.0,1.0,0.0
106,B농가,15,20231221,9,28.04,133.0,9.0,91.0,70.0,10.0,272.0,1.0,0.0
107,B농가,16,20231228,1,21.19,133.0,9.0,68.0,58.0,4.0,243.0,1.0,0.0
108,B농가,16,20231228,2,24.25,179.0,8.0,79.0,65.0,6.0,289.0,1.0,0.0
109,B농가,16,20231228,3,22.48,190.0,6.0,88.0,79.0,3.0,271.0,1.0,0.0
110,B농가,16,20231228,4,28.27,161.0,10.0,58.0,57.0,7.0,279.0,1.0,0.0
111,B농가,16,20231228,5,29.77,182.0,6.0,77.0,69.0,6.0,289.0,1.0,0.0
112,B농가,16,20231228,6,29.52,180.0,5.0,80.0,73.0,7.0,300.0,1.0,0.0
113,B농가,16,20231228,7,23.31,168.0,7.0,91.0,85.0,8.0,310.0,1.0,0.0
114,B농가,16,20231228,8,33.45,152.0,7.0,100.0,88.0,6.0,303.0,1.0,0.0
115,B농가,16,20231228,9,22.56,133.0,6.0,92.0,68.0,9.0,253.0,1.0,0.0
116,B농가,17,20240104,1,21.92,151.0,9.0,72.0,62.0,1.0,243.0,1.0,0.0
117,B농가,17,20240104,2,20.85,188.0,8.0,82.0,64.0,3.0,305.0,1.0,0.0
118,B농가,17,20240104,3,23.86,120.0,7.0,90.0,85.0,1.0,280.0,1.0,0.0
119,B농가,17,20240104,4,28.05,175.0,9.0,85.0,75.0,5.0,272.0,1.0,0.0
120,B농가,17,20240104,5,22.02,175.0,5.0,82.0,70.0,5.0,272.0,1.0,0.0
121,B농가,17,20240104,6,29.93,180.0,6.0,83.0,72.0,4.0,308.0,1.0,0.0
122,B농가,17,20240104,7,27.16,168.0,7.0,92.0,82.0,6.0,305.0,1.0,0.0
123,B농가,17,20240104,8,30.71,145.0,6.0,93.0,83.0,4.0,300.0,1.0,0.0
124,B농가,17,20240104,9,25.78,135.0,6.0,93.0,66.0,4.0,258.0,1.0,0.0
125,B농가,18,20240111,1,22.99,162.0,8.0,70.0,60.0,0.0,238.0,1.0,0.0
126,B농가,18,20240111,2,20.56,192.0,8.0,82.0,62.0,1.0,306.0,1.0,0.0
127,B농가,18,20240111,3,26.62,178.0,7.0,96.0,78.0,0.0,270.0,1.0,0.0
128,B농가,18,20240111,4,30.33,177.0,8.0,92.0,81.0,4.0,280.0,1.0,0.0
129,B농가,18,20240111,5,34.97,160.0,6.0,105.0,87.0,3.0,288.0,1.0,0.0
130,B농가,18,20240111,6,28.5,152.0,7.0,68.0,61.0,3.0,313.0,1.0,0.0
131,B농가,18,20240111,7,22.37,164.0,7.0,96.0,82.0,2.0,308.0,1.0,0.0
132,B농가,18,20240111,8,34.47,151.0,9.0,95.0,87.0,1.0,300.0,1.0,0.0
133,B농가,18,20240111,9,21.69,133.0,5.0,93.0,70.0,0.0,261.0,1.0,0.0
134,B농가,19,20240118,1,18.65,98.0,10.0,77.0,72.0,0.0,240.0,2.0,0.0
135,B농가,19,20240118,2,21.89,132.0,9.0,62.0,42.0,0.0,280.0,1.0,0.0
136,B농가,19,20240118,3,21.46,163.0,8.0,87.0,72.0,0.0,275.0,2.0,0.0
137,B농가,19,20240118,4,31.41,170.0,9.0,64.0,62.0,1.0,278.0,1.0,0.0
138,B농가,19,20240118,5,28.58,162.0,6.0,82.0,67.0,1.0,278.0,1.0,0.0
139,B농가,19,20240118,6,29.76,157.0,7.0,68.0,63.0,0.0,305.0,1.0,0.0
140,B농가,19,20240118,7,25.5,125.0,8.0,52.0,44.0,0.0,305.0,2.0,0.0
141,B농가,19,20240118,8,25.61,123.0,10.0,67.0,58.0,0.0,306.0,1.0,0.0
142,B농가,19,20240118,9,23.41,185.0,6.0,68.0,60.0,0.0,255.0,0.0,0.0
143,B농가,20,20240125,1,20.09,168.0,9.0,59.0,56.0,5.0,231.0,2.0,0.0
144,B농가,20,20240125,2,52.38,130.0,8.0,56.0,44.0,2.0,322.0,2.0,0.0
145,B농가,20,20240125,3,28.16,118.0,8.0,49.0,45.0,4.0,288.0,2.0,1.0
146,B농가,20,20240125,4,21.41,123.0,6.0,55.0,45.0,1.0,257.0,1.0,0.0
147,B농가,20,20240125,5,18.46,133.0,6.0,90.0,87.0,8.0,276.0,2.0,0.0
148,B농가,20,20240125,6,28.01,155.0,7.0,65.0,63.0,4.0,297.0,2.0,0.0
149,B농가,20,20240125,7,29.93,145.0,6.0,57.0,50.0,6.0,310.0,2.0,1.0
150,B농가,20,20240125,8,26.38,135.0,7.0,55.0,49.0,2.0,294.0,2.0,2.0
151,B농가,20,20240125,9,23.27,155.0,6.0,83.0,67.0,6.0,235.0,2.0,0.0
152,B농가,21,20240202,1,21.87,105.0,9.0,76.0,52.0,3.0,232.0,2.0,0.0
153,B농가,21,20240202,2,19.64,110.0,9.0,58.0,52.0,2.0,313.0,2.0,0.0
154,B농가,21,20240202,3,25.96,127.0,8.0,59.0,50.0,3.0,280.0,2.0,2.0
155,B농가,21,20240202,4,26.17,122.0,8.0,80.0,74.0,3.0,275.0,2.0,0.0
156,B농가,21,20240202,5,25.52,187.0,4.0,80.0,71.0,6.0,280.0,2.0,0.0
157,B농가,21,20240202,6,21.48,115.0,9.0,52.0,48.0,1.0,292.0,2.0,0.0
158,B농가,21,20240202,7,23.36,147.0,7.0,56.0,50.0,3.0,300.0,2.0,0.0
159,B농가,21,20240202,8,20.41,137.0,9.0,62.0,52.0,2.0,265.0,2.0,0.0
160,B농가,21,20240202,9,25.31,181.0,6.0,65.0,60.0,5.0,252.0,2.0,0.0
161,B농가,22,20240207,1,20.44,133.0,11.0,53.0,48.0,2.0,241.0,2.0,0.0
162,B농가,22,20240207,2,21.57,135.0,8.0,58.0,47.0,2.0,315.0,2.0,0.0
163,B농가,22,20240207,3,28.84,110.0,7.0,57.0,48.0,5.0,281.0,2.0,2.0
164,B농가,22,20240207,4,27.2,120.0,7.0,57.0,52.0,3.0,271.0,2.0,0.0
165,B농가,22,20240207,5,23.49,158.0,7.0,61.0,55.0,3.0,303.0,2.0,0.0
166,B농가,22,20240207,6,24.19,105.0,10.0,63.0,57.0,1.0,286.0,2.0,0.0
167,B농가,22,20240207,7,27.45,148.0,9.0,53.0,50.0,3.0,303.0,2.0,0.0
168,B농가,22,20240207,8,25.91,102.0,10.0,58.0,50.0,3.0,268.0,2.0,2.0
169,B농가,22,20240207,9,22.01,133.0,8.0,56.0,50.0,5.0,242.0,2.0,0.0
170,B농가,23,20240215,1,21.04,98.0,11.0,52.0,53.0,0.0,246.0,2.0,0.0
171,B농가,23,20240215,2,25.72,118.0,8.0,68.0,60.0,1.0,313.0,2.0,0.0
172,B농가,23,20240215,3,26.23,93.0,8.0,68.0,60.0,6.0,270.0,2.0,1.0
173,B농가,23,20240215,4,26.51,120.0,8.0,58.0,52.0,1.0,290.0,2.0,0.0
174,B농가,23,20240215,5,26.12,170.0,7.0,60.0,56.0,0.0,313.0,2.0,0.0
175,B농가,23,20240215,6,30.08,108.0,10.0,65.0,61.0,0.0,293.0,2.0,0.0
176,B농가,23,20240215,7,29.02,102.0,9.0,59.0,53.0,2.0,307.0,2.0,0.0
177,B농가,23,20240215,8,30.84,110.0,8.0,60.0,50.0,2.0,237.0,2.0,0.0
178,B농가,23,20240215,9,22.03,130.0,8.0,55.0,52.0,2.0,241.0,2.0,0.0
179,B농가,24,20240222,1,22.57,108.0,10.0,63.0,57.0,0.0,262.0,2.0,0.0
180,B농가,24,20240222,2,25.72,130.0,9.0,77.0,63.0,0.0,313.0,2.0,0.0
181,B농가,24,20240222,3,24.14,115.0,9.0,79.0,65.0,6.0,283.0,2.0,3.0
182,B농가,24,20240222,4,23.64,113.0,7.0,56.0,52.0,0.0,275.0,0.0,0.0
183,B농가,24,20240222,5,22.78,139.0,7.0,98.0,75.0,0.0,295.0,0.0,0.0
184,B농가,24,20240222,6,26.5,107.0,10.0,63.0,57.0,0.0,273.0,0.0,0.0
185,B농가,24,20240222,7,26.06,103.0,9.0,58.0,52.0,0.0,312.0,0.0,0.0
186,B농가,24,20240222,8,29.46,103.0,9.0,67.0,65.0,2.0,296.0,0.0,0.0
187,B농가,24,20240222,9,25.95,127.0,7.0,58.0,52.0,0.0,255.0,0.0,0.0
188,B농가,25,20240228,1,25.63,102.0,11.0,65.0,56.0,0.0,247.0,0.0,0.0
189,B농가,25,20240228,2,23.78,132.0,11.0,80.0,67.0,0.0,313.0,0.0,0.0
190,B농가,25,20240228,3,25.83,108.0,9.0,70.0,55.0,5.0,273.0,2.0,0.0
191,B농가,25,20240228,4,25.2,116.0,9.0,58.0,50.0,0.0,284.0,0.0,0.0
192,B농가,25,20240228,5,23.39,165.0,7.0,62.0,60.0,0.0,315.0,0.0,0.0
193,B농가,25,20240228,6,28.5,112.0,10.0,69.0,67.0,0.0,281.0,0.0,0.0
194,B농가,25,20240228,7,28.47,100.0,9.0,65.0,57.0,0.0,306.0,2.0,0.0
195,B농가,25,20240228,8,34.59,123.0,9.0,60.0,52.0,0.0,275.0,2.0,0.0
196,B농가,25,20240228,9,24.59,130.0,6.0,57.0,53.0,0.0,237.0,0.0,0.0
197,B농가,26,20240307,1,25.76,101.0,9.0,60.0,52.0,0.0,233.0,2.0,0.0
198,B농가,26,20240307,2,22.3,137.0,6.0,85.0,75.0,0.0,227.0,2.0,0.0
199,B농가,26,20240307,3,25.65,113.0,7.0,72.0,67.0,5.0,211.0,2.0,0.0
200,B농가,26,20240307,4,24.92,103.0,7.0,52.0,48.0,0.0,247.0,2.0,0.0
201,B농가,26,20240307,5,24.58,121.0,5.0,51.0,47.0,0.0,281.0,2.0,0.0
202,B농가,26,20240307,6,26.74,136.0,11.0,67.0,70.0,0.0,207.0,2.0,0.0
203,B농가,26,20240307,7,22.28,117.0,9.0,70.0,59.0,0.0,198.0,2.0,0.0
204,B농가,26,20240307,8,28.28,97.0,8.0,72.0,53.0,0.0,195.0,2.0,0.0
205,B농가,26,20240307,9,20.54,85.0,5.0,51.0,50.0,0.0,248.0,2.0,0.0
206,B농가,27,20240314,1,24.96,102.0,10.0,78.0,76.0,5.0,235.0,3.0,2.0
207,B농가,27,20240314,2,26.1,123.0,8.0,78.0,78.0,5.0,275.0,3.0,0.0
208,B농가,27,20240314,3,22.32,115.0,8.0,73.0,75.0,3.0,233.0,3.0,0.0
209,B농가,27,20240314,4,21.14,122.0,10.0,75.0,62.0,5.0,252.0,3.0,0.0
210,B농가,27,20240314,5,21.02,95.0,5.0,77.0,72.0,3.0,245.0,3.0,2.0
211,B농가,27,20240314,6,26.88,135.0,9.0,67.0,70.0,7.0,235.0,3.0,1.0
212,B농가,27,20240314,7,28.62,120.0,10.0,60.0,60.0,7.0,192.0,3.0,2.0
213,B농가,27,20240314,8,29.12,105.0,8.0,72.0,73.0,8.0,187.0,3.0,0.0
214,B농가,27,20240314,9,23.26,147.0,6.0,88.0,73.0,5.0,241.0,3.0,0.0
215,B농가,28,20240321,1,19.9,137.0,12.0,83.0,82.0,8.0,237.0,3.0,2.0
216,B농가,28,20240321,2,24.2,175.0,10.0,95.0,89.0,5.0,281.0,3.0,0.0
217,B농가,28,20240321,3,21.12,135.0,9.0,85.0,81.0,1.0,283.0,3.0,0.0
218,B농가,28,20240321,4,26.42,152.0,10.0,66.0,77.0,3.0,277.0,3.0,0.0
219,B농가,28,20240321,5,30.19,128.0,5.0,90.0,82.0,7.0,237.0,3.0,3.0
220,B농가,28,20240321,6,25.15,167.0,11.0,80.0,78.0,10.0,249.0,3.0,0.0
221,B농가,28,20240321,7,22.74,140.0,12.0,71.0,63.0,11.0,237.0,3.0,2.0
222,B농가,28,20240321,8,31.41,129.0,11.0,68.0,72.0,12.0,222.0,3.0,2.0
223,B농가,28,20240321,9,22.01,107.0,7.0,67.0,72.0,5.0,252.0,3.0,0.0
224,B농가,29,20240328,1,22.1,152.0,11.0,79.0,85.0,8.0,247.0,3.0,0.0
225,B농가,29,20240328,2,32.46,172.0,12.0,82.0,83.0,5.0,362.0,3.0,0.0
226,B농가,29,20240328,3,24.12,173.0,9.0,82.0,83.0,1.0,288.0,3.0,0.0
227,B농가,29,20240328,4,24.2,193.0,10.0,80.0,80.0,5.0,281.0,3.0,0.0
228,B농가,29,20240328,5,27.2,111.0,7.0,89.0,87.0,1.0,261.0,3.0,0.0
229,B농가,29,20240328,6,30.5,180.0,11.0,72.0,73.0,8.0,280.0,3.0,0.0
230,B농가,29,20240328,7,30.7,180.0,13.0,81.0,77.0,7.0,290.0,3.0,0.0
231,B농가,29,20240328,8,26.7,148.0,10.0,72.0,70.0,10.0,240.0,3.0,0.0
232,B농가,29,20240328,9,23.6,157.0,9.0,72.0,75.0,4.0,205.0,3.0,0.0
233,B농가,30,20240403,1,25.08,173.0,8.0,70.0,67.0,5.0,273.0,3.0,0.0
234,B농가,30,20240403,2,31.55,182.0,12.0,102.0,94.0,2.0,411.0,3.0,0.0
235,B농가,30,20240403,3,25.33,188.0,9.0,95.0,97.0,0.0,301.0,3.0,0.0
236,B농가,30,20240403,4,28.32,196.0,14.0,94.0,91.0,5.0,345.0,3.0,0.0
237,B농가,30,20240403,5,26.8,173.0,7.0,88.0,85.0,0.0,316.0,3.0,0.0
238,B농가,30,20240403,6,31.68,152.0,11.0,75.0,72.0,3.0,265.0,3.0,0.0
239,B농가,30,20240403,7,31.57,183.0,10.0,78.0,65.0,7.0,297.0,3.0,0.0
240,B농가,30,20240403,8,26.1,137.0,12.0,71.0,68.0,3.0,282.0,3.0,0.0
241,B농가,30,20240403,9,22.86,128.0,9.0,69.0,65.0,2.0,241.0,3.0,0.0
242,B농가,31,20240412,1,22.71,165.0,11.0,79.0,75.0,1.0,324.0,3.0,0.0
243,B농가,31,20240412,2,28.41,178.0,15.0,78.0,66.0,0.0,431.0,3.0,0.0
244,B농가,31,20240412,3,26.9,170.0,8.0,93.0,85.0,0.0,340.0,3.0,0.0
245,B농가,31,20240412,4,30.24,208.0,15.0,82.0,89.0,2.0,404.0,3.0,0.0
246,B농가,31,20240412,5,27.76,146.0,7.0,100.0,96.0,0.0,357.0,3.0,0.0
247,B농가,31,20240412,6,29.75,172.0,13.0,70.0,80.0,0.0,307.0,3.0,0.0
248,B농가,31,20240412,7,35.41,226.0,14.0,73.0,72.0,3.0,365.0,3.0,0.0
249,B농가,31,20240412,8,24.81,172.0,13.0,84.0,80.0,0.0,329.0,3.0,0.0
250,B농가,31,20240412,9,28.29,142.0,10.0,72.0,66.0,0.0,260.0,3.0,0.0
251,B농가,32,20240417,1,25.92,192.0,14.0,82.0,78.0,0.0,315.0,3.0,0.0
252,B농가,32,20240417,2,34.51,180.0,15.0,78.0,85.0,0.0,446.0,3.0,0.0
253,B농가,32,20240417,3,27.06,217.0,8.0,105.0,109.0,0.0,380.0,3.0,0.0
254,B농가,32,20240417,4,28.02,207.0,12.0,89.0,96.0,0.0,425.0,3.0,0.0
255,B농가,32,20240417,5,27.27,192.0,7.0,108.0,102.0,0.0,344.0,3.0,0.0
256,B농가,32,20240417,6,28.2,192.0,15.0,68.0,67.0,0.0,306.0,3.0,0.0
257,B농가,32,20240417,7,26.92,212.0,12.0,82.0,80.0,0.0,382.0,3.0,0.0
258,B농가,32,20240417,8,22.38,206.0,14.0,75.0,71.0,0.0,320.0,3.0,0.0
259,B농가,32,20240417,9,24.73,152.0,10.0,68.0,59.0,0.0,255.0,3.0,0.0
260,B농가,33,20240424,1,25.99,205.0,13.0,83.0,77.0,1.0,352.0,4.0,0.0
261,B농가,33,20240424,2,35.29,300.0,14.0,97.0,78.0,2.0,467.0,4.0,0.0
262,B농가,33,20240424,3,29.84,210.0,10.0,113.0,93.0,2.0,377.0,4.0,0.0
263,B농가,33,20240424,4,31.8,205.0,13.0,85.0,83.0,0.0,444.0,4.0,0.0
264,B농가,33,20240424,5,26.47,262.0,7.0,99.0,78.0,2.0,392.0,4.0,0.0
265,B농가,33,20240424,6,25.66,245.0,15.0,78.0,69.0,2.0,376.0,4.0,2.0
266,B농가,33,20240424,7,22.9,227.0,18.0,80.0,69.0,3.0,378.0,4.0,0.0
267,B농가,33,20240424,8,29.79,220.0,14.0,90.0,90.0,2.0,350.0,4.0,0.0
268,B농가,33,20240424,9,21.65,179.0,11.0,66.0,65.0,2.0,292.0,4.0,1.0
269,C농가,1,20230922,1,11.48,233.0,4.0,60.0,48.0,0.0,295.0,0.0,0.0
270,C농가,1,20230922,2,11.76,148.0,5.0,56.0,49.0,0.0,205.0,0.0,0.0
271,C농가,1,20230922,3,11.9,254.0,5.0,52.0,43.0,0.0,325.0,0.0,0.0
272,C농가,1,20230922,4,10.2,218.0,5.0,40.0,30.0,0.0,270.0,0.0,0.0
273,C농가,1,20230922,5,10.97,203.0,5.0,52.0,52.0,0.0,250.0,0.0,0.0
274,C농가,1,20230922,6,13.46,178.0,6.0,59.0,48.0,0.0,270.0,0.0,0.0
275,C농가,1,20230922,7,12.98,147.0,5.0,62.0,49.0,0.0,256.0,0.0,0.0
276,C농가,1,20230922,8,10.82,197.0,5.0,64.0,48.0,0.0,283.0,0.0,0.0
277,C농가,1,20230922,9,11.46,209.0,5.0,57.0,57.0,0.0,295.0,0.0,0.0
278,C농가,2,20230926,1,10.83,146.0,4.0,64.0,55.0,0.0,296.0,0.0,0.0
279,C농가,2,20230926,2,11.15,151.0,6.0,61.0,53.0,0.0,202.0,0.0,0.0
280,C농가,2,20230926,3,11.2,147.0,6.0,59.0,49.0,0.0,340.0,0.0,0.0
281,C농가,2,20230926,4,9.06,140.0,5.0,37.0,32.0,0.0,272.0,0.0,0.0
282,C농가,2,20230926,5,8.82,195.0,5.0,49.0,40.0,0.0,246.0,0.0,0.0
283,C농가,2,20230926,6,13.87,155.0,6.0,58.0,49.0,0.0,267.0,0.0,0.0
284,C농가,2,20230926,7,10.92,137.0,7.0,62.0,42.0,0.0,252.0,0.0,0.0
285,C농가,2,20230926,8,12.76,151.0,6.0,63.0,54.0,0.0,297.0,0.0,0.0
286,C농가,2,20230926,9,11.45,180.0,5.0,52.0,49.0,0.0,292.0,0.0,0.0
287,C농가,3,20231006,1,15.2,98.0,6.0,73.0,61.0,0.0,291.0,0.0,0.0
288,C농가,3,20231006,2,12.34,79.0,7.0,55.0,57.0,0.0,210.0,0.0,0.0
289,C농가,3,20231006,3,16.54,81.0,7.0,64.0,53.0,0.0,347.0,0.0,0.0
290,C농가,3,20231006,4,14.24,73.0,7.0,58.0,46.0,0.0,260.0,0.0,0.0
291,C농가,3,20231006,5,13.03,72.0,6.0,78.0,68.0,0.0,263.0,0.0,0.0
292,C농가,3,20231006,6,17.56,89.0,8.0,84.0,78.0,0.0,268.0,0.0,0.0
293,C농가,3,20231006,7,14.81,145.0,8.0,72.0,50.0,0.0,255.0,0.0,0.0
294,C농가,3,20231006,8,16.19,157.0,7.0,66.0,56.0,0.0,295.0,0.0,0.0
295,C농가,3,20231006,9,14.49,176.0,7.0,74.0,63.0,0.0,304.0,0.0,0.0
296,C농가,4,20231013,1,18.21,125.0,4.0,89.0,76.0,0.0,302.0,0.0,0.0
297,C농가,4,20231013,2,17.6,103.0,5.0,72.0,67.0,0.0,215.0,0.0,0.0
298,C농가,4,20231013,3,17.93,83.0,5.0,99.0,90.0,0.0,361.0,0.0,0.0
299,C농가,4,20231013,4,15.45,87.0,5.0,77.0,69.0,0.0,260.0,0.0,0.0
300,C농가,4,20231013,5,18.29,106.0,7.0,98.0,83.0,0.0,272.0,0.0,0.0
301,C농가,4,20231013,6,20.38,132.0,9.0,103.0,89.0,0.0,271.0,0.0,0.0
302,C농가,4,20231013,7,19.6,102.0,9.0,94.0,81.0,0.0,259.0,0.0,0.0
303,C농가,4,20231013,8,21.58,100.0,8.0,85.0,74.0,0.0,301.0,0.0,0.0
304,C농가,4,20231013,9,20.03,129.0,8.0,103.0,96.0,0.0,303.0,0.0,0.0
305,C농가,5,20231020,1,17.21,128.0,6.0,101.0,93.0,0.0,315.0,0.0,0.0
306,C농가,5,20231020,2,17.12,101.0,7.0,88.0,91.0,0.0,231.0,0.0,0.0
307,C농가,5,20231020,3,19.55,121.0,8.0,103.0,98.0,0.0,363.0,0.0,0.0
308,C농가,5,20231020,4,16.67,100.0,8.0,90.0,84.0,0.0,271.0,0.0,0.0
309,C농가,5,20231020,5,13.02,108.0,4.0,103.0,91.0,0.0,240.0,0.0,0.0
310,C농가,5,20231020,6,23.54,138.0,10.0,106.0,98.0,0.0,273.0,0.0,0.0
311,C농가,5,20231020,7,25.6,129.0,10.0,98.0,90.0,0.0,261.0,0.0,0.0
312,C농가,5,20231020,8,18.35,100.0,9.0,93.0,91.0,0.0,305.0,0.0,0.0
313,C농가,5,20231020,9,19.29,151.0,7.0,102.0,94.0,0.0,320.0,0.0,0.0
314,C농가,6,20231027,1,20.83,135.0,4.0,102.0,94.0,0.0,255.0,0.0,0.0
315,C농가,6,20231027,2,19.91,111.0,5.0,98.0,101.0,0.0,237.0,0.0,0.0
316,C농가,6,20231027,3,20.35,119.0,5.0,109.0,100.0,0.0,246.0,1.0,0.0
317,C농가,6,20231027,4,14.08,118.0,4.0,98.0,92.0,0.0,224.0,0.0,0.0
318,C농가,6,20231027,5,15.56,138.0,4.0,102.0,91.0,0.0,252.0,0.0,0.0
319,C농가,6,20231027,6,20.35,142.0,5.0,103.0,104.0,0.0,285.0,0.0,0.0
320,C농가,6,20231027,7,21.14,134.0,5.0,109.0,98.0,0.0,271.0,0.0,0.0
321,C농가,6,20231027,8,20.05,102.0,5.0,104.0,100.0,0.0,240.0,0.0,0.0
322,C농가,6,20231027,9,19.07,158.0,5.0,109.0,105.0,0.0,285.0,0.0,0.0
323,C농가,7,20231103,1,22.25,135.0,5.0,102.0,95.0,0.0,259.0,1.0,0.0
324,C농가,7,20231103,2,20.98,130.0,8.0,100.0,100.0,0.0,242.0,1.0,0.0
325,C농가,7,20231103,3,23.82,117.0,6.0,111.0,103.0,0.0,251.0,1.0,0.0
326,C농가,7,20231103,4,16.4,119.0,5.0,102.0,96.0,0.0,241.0,1.0,0.0
327,C농가,7,20231103,5,19.4,135.0,5.0,102.0,94.0,0.0,256.0,1.0,0.0
328,C농가,7,20231103,6,21.73,138.0,6.0,107.0,105.0,0.0,288.0,0.0,0.0
329,C농가,7,20231103,7,24.35,136.0,6.0,110.0,103.0,0.0,280.0,1.0,0.0
330,C농가,7,20231103,8,20.93,106.0,6.0,104.0,103.0,0.0,249.0,0.0,0.0
331,C농가,7,20231103,9,22.94,159.0,5.0,110.0,106.0,0.0,287.0,0.0,0.0
332,C농가,8,20231110,1,21.54,129.0,5.0,102.0,92.0,1.0,260.0,1.0,2.0
333,C농가,8,20231110,2,21.71,137.0,7.0,82.0,80.0,1.0,232.0,1.0,3.0
334,C농가,8,20231110,3,25.81,122.0,6.0,105.0,92.0,1.0,220.0,1.0,3.0
335,C농가,8,20231110,4,19.79,115.0,5.0,102.0,92.0,2.0,245.0,1.0,2.0
336,C농가,8,20231110,5,23.48,161.0,4.0,93.0,83.0,0.0,263.0,1.0,3.0
337,C농가,8,20231110,6,23.45,132.0,7.0,112.0,105.0,0.0,267.0,1.0,2.0
338,C농가,8,20231110,7,24.64,128.0,6.0,112.0,100.0,0.0,255.0,1.0,2.0
339,C농가,8,20231110,8,26.47,115.0,5.0,105.0,102.0,0.0,220.0,1.0,1.0
340,C농가,8,20231110,9,26.93,129.0,5.0,120.0,102.0,0.0,275.0,0.0,0.0
341,C농가,9,20231117,1,25.19,173.0,5.0,98.0,88.0,4.0,277.0,1.0,2.0
342,C농가,9,20231117,2,25.12,148.0,7.0,89.0,87.0,3.0,245.0,1.0,4.0
343,C농가,9,20231117,3,26.24,170.0,7.0,87.0,74.0,6.0,228.0,1.0,2.0
344,C농가,9,20231117,4,17.39,115.0,5.0,111.0,92.0,4.0,256.0,1.0,2.0
345,C농가,9,20231117,5,26.24,115.0,5.0,105.0,96.0,2.0,280.0,1.0,2.0
346,C농가,9,20231117,6,25.59,148.0,7.0,113.0,107.0,1.0,270.0,1.0,3.0
347,C농가,9,20231117,7,28.77,134.0,6.0,113.0,104.0,2.0,260.0,1.0,3.0
348,C농가,9,20231117,8,26.22,120.0,6.0,104.0,106.0,1.0,228.0,1.0,2.0
349,C농가,9,20231117,9,28.03,129.0,6.0,119.0,100.0,0.0,266.0,1.0,2.0
350,C농가,10,20231124,1,25.53,137.0,6.0,95.0,73.0,6.0,275.0,1.0,3.0
351,C농가,10,20231124,2,25.5,153.0,8.0,88.0,82.0,5.0,282.0,1.0,4.0
352,C농가,10,20231124,3,28.74,172.0,7.0,89.0,79.0,7.0,253.0,1.0,5.0
353,C농가,10,20231124,4,21.61,186.0,5.0,92.0,87.0,6.0,282.0,1.0,2.0
354,C농가,10,20231124,5,26.76,137.0,5.0,104.0,93.0,3.0,308.0,1.0,3.0
355,C농가,10,20231124,6,29.74,176.0,7.0,86.0,93.0,4.0,275.0,1.0,4.0
356,C농가,10,20231124,7,27.94,164.0,7.0,102.0,82.0,5.0,257.0,1.0,6.0
357,C농가,10,20231124,8,27.91,177.0,7.0,88.0,82.0,4.0,257.0,1.0,6.0
358,C농가,10,20231124,9,29.49,148.0,6.0,92.0,92.0,2.0,280.0,1.0,4.0
359,C농가,11,20231130,1,28.32,177.0,8.0,100.0,89.0,7.0,291.0,1.0,4.0
360,C농가,11,20231130,2,24.84,192.0,8.0,95.0,90.0,10.0,286.0,1.0,4.0
361,C농가,11,20231130,3,29.4,171.0,7.0,89.0,78.0,10.0,275.0,1.0,6.0
362,C농가,11,20231130,4,23.3,182.0,7.0,97.0,92.0,7.0,276.0,1.0,4.0
363,C농가,11,20231130,5,26.97,194.0,6.0,100.0,96.0,5.0,328.0,1.0,3.0
364,C농가,11,20231130,6,27.07,178.0,8.0,102.0,87.0,7.0,288.0,1.0,6.0
365,C농가,11,20231130,7,30.26,170.0,8.0,99.0,78.0,8.0,278.0,1.0,6.0
366,C농가,11,20231130,8,30.2,187.0,7.0,91.0,81.0,7.0,253.0,1.0,8.0
367,C농가,11,20231130,9,25.89,153.0,7.0,92.0,89.0,4.0,282.0,1.0,3.0
368,C농가,12,20231207,1,29.31,194.0,7.0,89.0,75.0,7.0,288.0,1.0,0.0
369,C농가,12,20231207,2,26.88,152.0,9.0,92.0,85.0,7.0,302.0,1.0,0.0
370,C농가,12,20231207,3,29.72,175.0,7.0,99.0,82.0,7.0,285.0,1.0,0.0
371,C농가,12,20231207,4,26.05,154.0,7.0,72.0,65.0,6.0,280.0,1.0,0.0
372,C농가,12,20231207,5,27.63,197.0,6.0,109.0,99.0,6.0,335.0,1.0,0.0
373,C농가,12,20231207,6,34.25,188.0,9.0,93.0,93.0,10.0,302.0,1.0,0.0
374,C농가,12,20231207,7,33.07,163.0,8.0,97.0,85.0,9.0,267.0,1.0,0.0
375,C농가,12,20231207,8,28.39,188.0,7.0,95.0,83.0,7.0,270.0,1.0,3.0
376,C농가,12,20231207,9,31.66,178.0,7.0,95.0,88.0,8.0,285.0,1.0,0.0
377,C농가,13,20231214,1,23.2,172.0,7.0,95.0,89.0,7.0,282.0,1.0,0.0
378,C농가,13,20231214,2,20.45,177.0,10.0,92.0,87.0,8.0,302.0,1.0,0.0
379,C농가,13,20231214,3,28.97,219.0,6.0,87.0,82.0,7.0,287.0,1.0,0.0
380,C농가,13,20231214,4,27.54,167.0,8.0,75.0,67.0,7.0,289.0,1.0,0.0
381,C농가,13,20231214,5,30.42,186.0,7.0,107.0,105.0,6.0,347.0,1.0,0.0
382,C농가,13,20231214,6,35.08,162.0,10.0,92.0,76.0,10.0,302.0,1.0,0.0
383,C농가,13,20231214,7,34.68,194.0,8.0,92.0,84.0,9.0,310.0,1.0,0.0
384,C농가,13,20231214,8,25.71,200.0,7.0,88.0,78.0,10.0,287.0,1.0,0.0
385,C농가,13,20231214,9,24.91,155.0,8.0,93.0,88.0,8.0,290.0,1.0,0.0
386,C농가,14,20231221,1,24.93,203.0,5.0,95.0,81.0,7.0,311.0,1.0,0.0
387,C농가,14,20231221,2,22.81,179.0,9.0,96.0,89.0,7.0,305.0,1.0,0.0
388,C농가,14,20231221,3,29.14,214.0,6.0,86.0,81.0,6.0,301.0,1.0,0.0
389,C농가,14,20231221,4,26.68,172.0,7.0,76.0,68.0,6.0,299.0,1.0,0.0
390,C농가,14,20231221,5,29.34,248.0,5.0,98.0,98.0,6.0,355.0,1.0,0.0
391,C농가,14,20231221,6,35.12,185.0,8.0,74.0,66.0,10.0,311.0,1.0,0.0
392,C농가,14,20231221,7,32.68,190.0,6.0,91.0,85.0,9.0,294.0,1.0,0.0
393,C농가,14,20231221,8,25.36,196.0,7.0,89.0,84.0,10.0,300.0,1.0,0.0
394,C농가,14,20231221,9,26.72,214.0,7.0,81.0,69.0,8.0,295.0,1.0,0.0
395,C농가,15,20231228,1,26.7,200.0,5.0,96.0,80.0,6.0,300.0,1.0,0.0
396,C농가,15,20231228,2,27.23,197.0,8.0,79.0,74.0,7.0,310.0,1.0,0.0
397,C농가,15,20231228,3,30.18,200.0,7.0,88.0,82.0,6.0,300.0,1.0,0.0
398,C농가,15,20231228,4,24.6,165.0,5.0,65.0,60.0,5.0,295.0,1.0,0.0
399,C농가,15,20231228,5,25.19,221.0,6.0,82.0,74.0,5.0,346.0,1.0,0.0
400,C농가,15,20231228,6,27.39,174.0,8.0,89.0,75.0,10.0,279.0,1.0,0.0
401,C농가,15,20231228,7,27.61,192.0,7.0,90.0,85.0,9.0,259.0,1.0,0.0
402,C농가,15,20231228,8,30.77,118.0,6.0,108.0,109.0,9.0,287.0,1.0,0.0
403,C농가,15,20231228,9,37.2,183.0,8.0,98.0,87.0,8.0,290.0,1.0,0.0
404,C농가,16,20240104,1,26.25,198.0,5.0,80.0,75.0,5.0,305.0,1.0,0.0
405,C농가,16,20240104,2,28.81,171.0,9.0,95.0,87.0,6.0,305.0,1.0,0.0
406,C농가,16,20240104,3,26.04,207.0,6.0,87.0,82.0,3.0,300.0,1.0,0.0
407,C농가,16,20240104,4,22.5,170.0,6.0,76.0,60.0,4.0,302.0,1.0,0.0
408,C농가,16,20240104,5,27.44,223.0,6.0,85.0,75.0,3.0,365.0,1.0,0.0
409,C농가,16,20240104,6,30.33,192.0,8.0,86.0,73.0,9.0,300.0,1.0,0.0
410,C농가,16,20240104,7,32.86,192.0,6.0,92.0,85.0,6.0,270.0,1.0,0.0
411,C농가,16,20240104,8,35.5,185.0,8.0,85.0,78.0,8.0,288.0,1.0,0.0
412,C농가,16,20240104,9,25.13,191.0,6.0,80.0,75.0,7.0,295.0,1.0,0.0
413,C농가,17,20240111,1,23.72,205.0,5.0,95.0,81.0,3.0,290.0,1.0,0.0
414,C농가,17,20240111,2,28.04,171.0,8.0,97.0,90.0,3.0,320.0,1.0,0.0
415,C농가,17,20240111,3,32.42,170.0,6.0,98.0,89.0,2.0,300.0,1.0,0.0
416,C농가,17,20240111,4,23.59,177.0,6.0,80.0,70.0,3.0,290.0,1.0,0.0
417,C농가,17,20240111,5,27.59,220.0,6.0,80.0,68.0,2.0,350.0,1.0,0.0
418,C농가,17,20240111,6,30.83,198.0,8.0,88.0,77.0,6.0,300.0,1.0,0.0
419,C농가,17,20240111,7,30.06,188.0,6.0,94.0,90.0,4.0,280.0,1.0,0.0
420,C농가,17,20240111,8,30.8,191.0,7.0,85.0,79.0,6.0,265.0,1.0,0.0
421,C농가,17,20240111,9,26.82,202.0,8.0,87.0,59.0,5.0,293.0,1.0,0.0
422,C농가,18,20240118,1,25.52,180.0,6.0,83.0,72.0,1.0,303.0,1.0,0.0
423,C농가,18,20240118,2,30.05,172.0,10.0,83.0,70.0,2.0,300.0,1.0,0.0
424,C농가,18,20240118,3,26.95,180.0,7.0,82.0,75.0,1.0,310.0,1.0,0.0
425,C농가,18,20240118,4,27.08,102.0,7.0,64.0,52.0,1.0,298.0,1.0,0.0
426,C농가,18,20240118,5,28.9,228.0,7.0,85.0,75.0,1.0,363.0,1.0,0.0
427,C농가,18,20240118,6,29.37,185.0,7.0,79.0,73.0,0.0,295.0,1.0,0.0
428,C농가,18,20240118,7,30.68,192.0,6.0,95.0,87.0,3.0,280.0,1.0,0.0
429,C농가,18,20240118,8,31.53,187.0,6.0,85.0,80.0,0.0,293.0,1.0,0.0
430,C농가,18,20240118,9,29.28,162.0,8.0,77.0,67.0,4.0,312.0,1.0,0.0
431,C농가,19,20240125,1,26.69,197.0,6.0,84.0,82.0,0.0,308.0,1.0,0.0
432,C농가,19,20240125,2,30.27,128.0,9.0,73.0,56.0,0.0,306.0,1.0,0.0
433,C농가,19,20240125,3,33.13,132.0,6.0,69.0,60.0,0.0,266.0,1.0,0.0
434,C농가,19,20240125,4,28.61,167.0,7.0,84.0,74.0,0.0,297.0,1.0,0.0
435,C농가,19,20240125,5,30.19,190.0,7.0,100.0,102.0,0.0,347.0,1.0,0.0
436,C농가,19,20240125,6,31.19,150.0,8.0,77.0,72.0,0.0,281.0,1.0,0.0
437,C농가,19,20240125,7,36.42,185.0,7.0,95.0,87.0,0.0,282.0,1.0,0.0
438,C농가,19,20240125,8,29.9,190.0,8.0,85.0,65.0,0.0,300.0,1.0,0.0
439,C농가,19,20240125,9,28.77,165.0,7.0,98.0,90.0,0.0,302.0,1.0,0.0
440,C농가,20,20240201,1,24.86,140.0,8.0,67.0,56.0,0.0,301.0,2.0,0.0
441,C농가,20,20240201,2,25.48,117.0,9.0,60.0,85.0,0.0,315.0,2.0,0.0
442,C농가,20,20240201,3,26.01,127.0,7.0,63.0,59.0,0.0,283.0,2.0,0.0
443,C농가,20,20240201,4,24.51,122.0,8.0,57.0,48.0,0.0,283.0,2.0,0.0
444,C농가,20,20240201,5,25.35,152.0,7.0,75.0,68.0,0.0,312.0,2.0,0.0
445,C농가,20,20240201,6,27.7,147.0,7.0,80.0,72.0,1.0,288.0,2.0,2.0
446,C농가,20,20240201,7,26.66,128.0,8.0,68.0,60.0,6.0,283.0,2.0,0.0
447,C농가,20,20240201,8,29.28,112.0,7.0,69.0,53.0,6.0,273.0,2.0,1.0
448,C농가,20,20240201,9,26.07,203.0,7.0,66.0,57.0,0.0,292.0,2.0,1.0
449,C농가,21,20240207,1,28.49,148.0,7.0,65.0,57.0,0.0,310.0,2.0,0.0
450,C농가,21,20240207,2,33.57,138.0,10.0,63.0,59.0,4.0,311.0,2.0,1.0
451,C농가,21,20240207,3,28.18,125.0,8.0,72.0,58.0,0.0,275.0,2.0,0.0
452,C농가,21,20240207,4,26.04,129.0,7.0,57.0,49.0,0.0,293.0,2.0,0.0
453,C농가,21,20240207,5,26.05,128.0,7.0,67.0,58.0,0.0,360.0,2.0,1.0
454,C농가,21,20240207,6,30.41,136.0,9.0,82.0,73.0,3.0,303.0,2.0,1.0
455,C농가,21,20240207,7,21.05,125.0,7.0,61.0,54.0,7.0,282.0,2.0,0.0
456,C농가,21,20240207,8,34.67,102.0,9.0,75.0,53.0,7.0,285.0,2.0,0.0
457,C농가,21,20240207,9,28.66,127.0,8.0,68.0,60.0,1.0,307.0,2.0,1.0
458,C농가,22,20240215,1,30.1,102.0,7.0,55.0,50.0,5.0,297.0,2.0,1.0
459,C농가,22,20240215,2,33.09,152.0,12.0,69.0,62.0,2.0,305.0,2.0,0.0
460,C농가,22,20240215,3,30.95,123.0,8.0,67.0,58.0,0.0,250.0,2.0,6.0
461,C농가,22,20240215,4,25.09,151.0,8.0,56.0,52.0,0.0,252.0,2.0,5.0
462,C농가,22,20240215,5,30.0,140.0,7.0,73.0,65.0,4.0,347.0,2.0,2.0
463,C농가,22,20240215,6,36.0,145.0,9.0,68.0,62.0,9.0,340.0,2.0,6.0
464,C농가,22,20240215,7,23.8,152.0,8.0,74.0,62.0,7.0,260.0,2.0,0.0
465,C농가,22,20240215,8,36.41,148.0,8.0,62.0,55.0,7.0,292.0,2.0,1.0
466,C농가,22,20240215,9,32.05,152.0,7.0,83.0,75.0,3.0,325.0,2.0,2.0
467,C농가,23,20240222,1,28.64,132.0,7.0,60.0,60.0,0.0,280.0,2.0,4.0
468,C농가,23,20240222,2,32.6,163.0,14.0,80.0,73.0,2.0,315.0,2.0,0.0
469,C농가,23,20240222,3,31.77,150.0,8.0,70.0,63.0,5.0,263.0,2.0,6.0
470,C농가,23,20240222,4,25.48,153.0,7.0,65.0,58.0,3.0,271.0,2.0,4.0
471,C농가,23,20240222,5,29.22,146.0,8.0,72.0,63.0,6.0,375.0,2.0,0.0
472,C농가,23,20240222,6,36.93,140.0,7.0,88.0,62.0,7.0,304.0,2.0,0.0
473,C농가,23,20240222,7,24.06,165.0,7.0,66.0,62.0,3.0,286.0,2.0,0.0
474,C농가,23,20240222,8,32.37,122.0,6.0,63.0,54.0,6.0,303.0,2.0,0.0
475,C농가,23,20240222,9,30.1,170.0,7.0,67.0,65.0,4.0,282.0,2.0,3.0
476,C농가,24,20240228,1,29.96,179.0,9.0,78.0,68.0,4.0,255.0,2.0,4.0
477,C농가,24,20240228,2,32.27,147.0,12.0,67.0,64.0,1.0,306.0,2.0,1.0
478,C농가,24,20240228,3,30.68,164.0,8.0,73.0,63.0,6.0,319.0,2.0,9.0
479,C농가,24,20240228,4,24.14,181.0,7.0,70.0,65.0,6.0,290.0,2.0,5.0
480,C농가,24,20240228,5,27.69,181.0,6.0,87.0,88.0,8.0,348.0,2.0,0.0
481,C농가,24,20240228,6,30.01,167.0,10.0,94.0,75.0,8.0,290.0,2.0,0.0
482,C농가,24,20240228,7,24.78,152.0,8.0,62.0,55.0,3.0,255.0,2.0,0.0
483,C농가,24,20240228,8,31.75,142.0,6.0,65.0,54.0,5.0,292.0,2.0,0.0
484,C농가,24,20240228,9,29.76,165.0,7.0,78.0,67.0,5.0,300.0,2.0,1.0
485,C농가,25,20240306,1,23.71,200.0,6.0,85.0,80.0,5.0,287.0,2.0,0.0
486,C농가,25,20240306,2,35.05,200.0,8.0,98.0,82.0,0.0,320.0,2.0,2.0
487,C농가,25,20240306,3,23.91,229.0,7.0,85.0,73.0,10.0,342.0,2.0,4.0
488,C농가,25,20240306,4,23.14,176.0,8.0,88.0,75.0,11.0,329.0,2.0,4.0
489,C농가,25,20240306,5,31.08,167.0,8.0,69.0,63.0,7.0,365.0,2.0,2.0
490,C농가,25,20240306,6,23.38,177.0,7.0,70.0,70.0,6.0,320.0,2.0,2.0
491,C농가,25,20240306,7,23.51,84.0,3.0,47.0,45.0,1.0,280.0,2.0,0.0
492,C농가,25,20240306,8,26.68,170.0,5.0,87.0,73.0,1.0,292.0,2.0,0.0
493,C농가,25,20240306,9,29.81,123.0,5.0,70.0,57.0,5.0,275.0,2.0,0.0
494,C농가,26,20240314,1,27.03,192.0,8.0,78.0,80.0,5.0,342.0,3.0,0.0
495,C농가,26,20240314,2,30.43,202.0,9.0,89.0,83.0,2.0,350.0,3.0,3.0
496,C농가,26,20240314,3,27.57,212.0,6.0,109.0,92.0,12.0,363.0,3.0,3.0
497,C농가,26,20240314,4,23.35,191.0,9.0,88.0,83.0,5.0,357.0,3.0,0.0
498,C농가,26,20240314,5,32.91,191.0,8.0,94.0,96.0,6.0,367.0,3.0,0.0
499,C농가,26,20240314,6,27.41,202.0,9.0,93.0,78.0,7.0,356.0,3.0,0.0
500,C농가,26,20240314,7,22.06,153.0,4.0,62.0,55.0,0.0,310.0,2.0,0.0
501,C농가,26,20240314,8,29.4,229.0,6.0,96.0,95.0,0.0,387.0,2.0,0.0
502,C농가,26,20240314,9,28.85,220.0,5.0,103.0,89.0,3.0,327.0,2.0,0.0
503,C농가,27,20240320,1,30.09,255.0,9.0,90.0,90.0,4.0,447.0,3.0,0.0
504,C농가,27,20240320,2,34.51,287.0,9.0,101.0,106.0,8.0,425.0,3.0,0.0
505,C농가,27,20240320,3,29.31,227.0,7.0,88.0,87.0,11.0,463.0,3.0,0.0
506,C농가,27,20240320,4,20.27,183.0,8.0,85.0,81.0,4.0,423.0,3.0,0.0
507,C농가,27,20240320,5,32.28,251.0,11.0,92.0,83.0,7.0,382.0,3.0,0.0
508,C농가,27,20240320,6,28.55,157.0,9.0,63.0,53.0,2.0,342.0,3.0,0.0
509,C농가,27,20240320,7,20.49,177.0,5.0,102.0,83.0,3.0,344.0,3.0,0.0
510,C농가,27,20240320,8,26.73,242.0,6.0,81.0,77.0,4.0,418.0,3.0,0.0
511,C농가,27,20240320,9,27.85,231.0,6.0,107.0,91.0,2.0,391.0,3.0,0.0
512,C농가,28,20240327,1,29.97,309.0,9.0,94.0,82.0,4.0,492.0,3.0,0.0
513,C농가,28,20240327,2,38.81,322.0,12.0,116.0,109.0,4.0,500.0,3.0,0.0
514,C농가,28,20240327,3,30.55,257.0,7.0,117.0,96.0,4.0,468.0,3.0,0.0
515,C농가,28,20240327,4,26.65,128.0,8.0,79.0,85.0,2.0,480.0,3.0,0.0
516,C농가,28,20240327,5,33.69,305.0,12.0,90.0,84.0,4.0,437.0,3.0,0.0
517,C농가,28,20240327,6,25.79,255.0,10.0,92.0,87.0,0.0,481.0,3.0,0.0
518,C농가,28,20240327,7,24.3,192.0,5.0,90.0,83.0,3.0,357.0,3.0,0.0
519,C농가,28,20240327,8,33.15,292.0,8.0,96.0,88.0,4.0,435.0,3.0,0.0
520,C농가,28,20240327,9,28.81,226.0,5.0,96.0,92.0,1.0,353.0,3.0,0.0
521,C농가,29,20240404,1,31.51,312.0,8.0,126.0,131.0,0.0,500.0,3.0,0.0
522,C농가,29,20240404,2,35.67,377.0,14.0,121.0,91.0,7.0,520.0,3.0,0.0
523,C농가,29,20240404,3,35.91,246.0,5.0,112.0,96.0,2.0,482.0,3.0,0.0
524,C농가,29,20240404,4,23.07,242.0,8.0,78.0,85.0,0.0,481.0,3.0,0.0
525,C농가,29,20240404,5,33.48,245.0,8.0,95.0,90.0,4.0,483.0,3.0,0.0
526,C농가,29,20240404,6,28.43,187.0,6.0,87.0,84.0,3.0,337.0,3.0,0.0
527,C농가,29,20240404,7,23.69,182.0,3.0,89.0,85.0,3.0,312.0,3.0,0.0
528,C농가,29,20240404,8,33.82,304.0,5.0,131.0,105.0,3.0,442.0,3.0,0.0
529,C농가,29,20240404,9,28.36,262.0,6.0,97.0,95.0,0.0,445.0,3.0,0.0
530,C농가,30,20240411,1,22.27,285.0,8.0,92.0,98.0,0.0,515.0,3.0,0.0
531,C농가,30,20240411,2,26.02,352.0,10.0,118.0,91.0,2.0,517.0,3.0,0.0
532,C농가,30,20240411,3,30.27,257.0,5.0,113.0,96.0,4.0,493.0,3.0,0.0
533,C농가,30,20240411,4,21.56,200.0,6.0,83.0,82.0,0.0,385.0,3.0,0.0
534,C농가,30,20240411,5,25.84,311.0,7.0,112.0,96.0,2.0,456.0,3.0,0.0
535,C농가,30,20240411,6,33.74,257.0,9.0,90.0,85.0,2.0,352.0,3.0,0.0
536,C농가,30,20240411,7,25.1,252.0,4.0,98.0,100.0,1.0,350.0,3.0,0.0
537,C농가,30,20240411,8,30.11,310.0,7.0,127.0,103.0,0.0,450.0,3.0,0.0
538,C농가,30,20240411,9,27.72,261.0,6.0,100.0,96.0,3.0,500.0,3.0,0.0
539,C농가,31,20240418,1,28.2,305.0,4.0,116.0,87.0,0.0,470.0,3.0,0.0
540,C농가,31,20240418,2,25.96,303.0,12.0,104.0,83.0,3.0,503.0,3.0,0.0
541,C농가,31,20240418,3,35.51,185.0,4.0,72.0,66.0,2.0,393.0,3.0,0.0
542,C농가,31,20240418,4,19.51,332.0,7.0,90.0,82.0,0.0,455.0,3.0,0.0
543,C농가,31,20240418,5,26.08,297.0,7.0,99.0,80.0,0.0,445.0,3.0,0.0
544,C농가,31,20240418,6,26.6,250.0,10.0,104.0,74.0,1.0,507.0,3.0,0.0
545,C농가,31,20240418,7,19.69,297.0,4.0,80.0,68.0,0.0,385.0,3.0,0.0
546,C농가,31,20240418,8,23.86,287.0,5.0,100.0,80.0,3.0,457.0,3.0,4.0
547,C농가,31,20240418,9,25.26,270.0,5.0,78.0,68.0,2.0,507.0,3.0,0.0
548,C농가,32,20240426,1,24.7,202.0,5.0,83.0,67.0,2.0,515.0,3.0,0.0
549,C농가,32,20240426,2,31.0,232.0,9.0,93.0,70.0,0.0,507.0,3.0,0.0
550,C농가,32,20240426,3,27.7,253.0,4.0,115.0,95.0,0.0,387.0,3.0,0.0
551,C농가,32,20240426,4,21.9,263.0,6.0,104.0,93.0,0.0,448.0,3.0,0.0
552,C농가,32,20240426,5,23.6,248.0,6.0,78.0,67.0,0.0,445.0,3.0,0.0
553,C농가,32,20240426,6,29.65,255.0,6.0,78.0,75.0,0.0,400.0,3.0,0.0
554,C농가,32,20240426,7,19.75,297.0,4.0,94.0,71.0,0.0,377.0,3.0,0.0
555,C농가,32,20240426,8,25.31,270.0,4.0,98.0,77.0,0.0,400.0,3.0,0.0
556,C농가,32,20240426,9,24.56,263.0,4.0,103.0,95.0,0.0,383.0,3.0,0.0
557,D농가,4,20231018,1,11.76,62.0,4.0,59.0,54.0,0.0,148.0,0.0,0.0
558,D농가,4,20231018,2,14.15,53.0,5.0,70.0,58.0,0.0,199.0,0.0,0.0
559,D농가,4,20231018,3,14.49,25.4,4.0,73.0,63.0,0.0,117.0,0.0,0.0
560,D농가,4,20231018,4,11.61,42.0,4.0,71.0,52.0,0.0,117.0,0.0,0.0
561,D농가,4,20231018,5,13.19,32.0,4.0,70.0,62.0,0.0,231.0,0.0,0.0
562,D농가,4,20231018,6,13.74,81.0,4.0,80.0,59.0,0.0,171.0,0.0,0.0
563,D농가,4,20231018,7,14.61,66.0,4.0,64.0,59.0,0.0,163.0,0.0,0.0
564,D농가,4,20231018,8,13.48,61.0,5.0,71.0,56.0,0.0,212.0,0.0,0.0
565,D농가,4,20231018,9,12.35,45.0,4.0,55.0,44.0,0.0,120.0,0.0,0.0
566,D농가,5,20231027,1,16.34,56.0,4.0,93.0,82.0,0.0,164.0,0.0,0.0
567,D농가,5,20231027,2,19.25,51.0,4.0,86.0,74.0,0.0,143.0,0.0,0.0
568,D농가,5,20231027,3,16.33,42.0,5.0,82.0,72.0,0.0,129.0,0.0,0.0
569,D농가,5,20231027,4,21.61,103.0,5.0,96.0,85.0,0.0,295.0,0.0,0.0
570,D농가,5,20231027,5,17.67,62.0,5.0,92.0,70.0,0.0,241.0,0.0,0.0
571,D농가,5,20231027,6,15.27,57.0,3.0,94.0,84.0,0.0,161.0,0.0,0.0
572,D농가,5,20231027,7,15.21,53.0,3.0,90.0,75.0,0.0,153.0,0.0,0.0
573,D농가,5,20231027,8,20.58,39.0,4.0,86.0,78.0,0.0,151.0,0.0,0.0
574,D농가,5,20231027,9,16.69,65.0,3.0,81.0,85.0,0.0,152.0,0.0,0.0
575,D농가,6,20231103,1,18.06,61.0,5.0,93.0,87.0,0.0,164.0,1.0,1.0
576,D농가,6,20231103,2,20.58,74.0,6.0,97.0,83.0,0.0,171.0,1.0,0.0
577,D농가,6,20231103,3,18.32,49.0,6.0,87.0,81.0,0.0,160.0,1.0,0.0
578,D농가,6,20231103,4,17.27,70.0,5.0,81.0,80.0,1.0,160.0,1.0,1.0
579,D농가,6,20231103,5,20.46,82.0,5.0,97.0,80.0,0.0,242.0,0.0,0.0
580,D농가,6,20231103,6,17.91,71.0,4.0,93.0,88.0,0.0,181.0,0.0,0.0
581,D농가,6,20231103,7,17.98,65.0,4.0,84.0,89.0,0.0,164.0,0.0,0.0
582,D농가,6,20231103,8,22.52,66.0,5.0,93.0,87.0,0.0,171.0,0.0,0.0
583,D농가,6,20231103,9,18.07,70.0,4.0,86.0,91.0,0.0,169.0,0.0,0.0
584,D농가,7,20231110,1,24.96,78.0,6.0,95.0,83.0,3.0,230.0,1.0,3.0
585,D농가,7,20231110,2,28.3,120.0,7.0,93.0,90.0,3.0,230.0,1.0,2.0
586,D농가,7,20231110,3,18.77,61.0,6.0,93.0,81.0,4.0,221.0,1.0,4.0
587,D농가,7,20231110,4,19.88,90.0,6.0,104.0,97.0,5.0,251.0,1.0,3.0
588,D농가,7,20231110,5,26.48,105.0,6.0,103.0,92.0,0.0,233.0,1.0,1.0
589,D농가,7,20231110,6,19.7,82.0,6.0,111.0,80.0,3.0,223.0,1.0,3.0
590,D농가,7,20231110,7,18.97,58.0,5.0,87.0,90.0,2.0,187.0,1.0,3.0
591,D농가,7,20231110,8,23.9,98.0,6.0,112.0,90.0,2.0,221.0,1.0,3.0
592,D농가,7,20231110,9,21.16,70.0,5.0,95.0,91.0,3.0,257.0,1.0,1.0
593,D농가,8,20231117,1,25.34,117.0,6.0,113.0,102.0,6.0,262.0,1.0,3.0
594,D농가,8,20231117,2,25.06,143.0,7.0,109.0,88.0,4.0,271.0,1.0,2.0
595,D농가,8,20231117,3,19.51,128.0,6.0,103.0,81.0,9.0,248.0,1.0,3.0
596,D농가,8,20231117,4,18.44,128.0,6.0,112.0,84.0,9.0,262.0,1.0,3.0
597,D농가,8,20231117,5,22.71,133.0,6.0,112.0,91.0,2.0,252.0,1.0,0.0
598,D농가,8,20231117,6,20.33,148.0,6.0,104.0,92.0,6.0,237.0,1.0,2.0
599,D농가,8,20231117,7,22.2,93.0,6.0,104.0,96.0,6.0,226.0,1.0,3.0
600,D농가,8,20231117,8,21.92,113.0,6.0,112.0,92.0,6.0,245.0,1.0,3.0
601,D농가,8,20231117,9,20.36,126.0,6.0,125.0,99.0,4.0,276.0,1.0,3.0
602,D농가,9,20231124,1,27.36,115.0,4.0,116.0,102.0,10.0,290.0,1.0,2.0
603,D농가,9,20231124,2,29.86,150.0,5.0,108.0,78.0,9.0,297.0,1.0,2.0
604,D농가,9,20231124,3,20.92,129.0,4.0,97.0,78.0,14.0,266.0,1.0,3.0
605,D농가,9,20231124,4,18.46,128.0,5.0,113.0,90.0,13.0,290.0,1.0,1.0
606,D농가,9,20231124,5,22.29,155.0,5.0,119.0,99.0,3.0,304.0,1.0,1.0
607,D농가,9,20231124,6,22.42,141.0,3.0,108.0,91.0,10.0,288.0,1.0,1.0
608,D농가,9,20231124,7,18.1,137.0,4.0,102.0,85.0,11.0,250.0,1.0,2.0
609,D농가,9,20231124,8,18.98,121.0,5.0,120.0,95.0,12.0,280.0,1.0,2.0
610,D농가,9,20231124,9,21.96,132.0,4.0,123.0,97.0,6.0,316.0,1.0,2.0
611,D농가,10,20231130,1,27.04,169.0,6.0,111.0,84.0,11.0,296.0,1.0,0.0
612,D농가,10,20231130,2,24.17,171.0,6.0,79.0,63.0,9.0,302.0,1.0,1.0
613,D농가,10,20231130,3,20.23,140.0,5.0,102.0,79.0,14.0,268.0,1.0,0.0
614,D농가,10,20231130,4,22.03,132.0,6.0,102.0,85.0,11.0,290.0,1.0,0.0
615,D농가,10,20231130,5,23.85,158.0,6.0,107.0,80.0,4.0,317.0,1.0,0.0
616,D농가,10,20231130,6,20.43,146.0,4.0,123.0,90.0,11.0,281.0,1.0,0.0
617,D농가,10,20231130,7,22.24,142.0,4.0,100.0,93.0,11.0,260.0,1.0,0.0
618,D농가,10,20231130,8,23.63,157.0,6.0,117.0,95.0,12.0,290.0,1.0,0.0
619,D농가,10,20231130,9,25.0,135.0,5.0,122.0,104.0,9.0,321.0,1.0,0.0
620,D농가,11,20231207,1,25.63,152.0,6.0,100.0,80.0,11.0,287.0,1.0,0.0
621,D농가,11,20231207,2,24.65,147.0,7.0,92.0,65.0,9.0,304.0,1.0,0.0
622,D농가,11,20231207,3,23.56,127.0,6.0,93.0,67.0,14.0,265.0,1.0,0.0
623,D농가,11,20231207,4,19.74,158.0,5.0,92.0,71.0,12.0,303.0,1.0,0.0
624,D농가,11,20231207,5,27.43,153.0,6.0,122.0,112.0,4.0,323.0,1.0,0.0
625,D농가,11,20231207,6,20.68,145.0,4.0,118.0,92.0,11.0,290.0,1.0,0.0
626,D농가,11,20231207,7,21.78,115.0,4.0,105.0,81.0,10.0,265.0,1.0,0.0
627,D농가,11,20231207,8,25.57,164.0,6.0,118.0,92.0,12.0,287.0,1.0,0.0
628,D농가,11,20231207,9,21.62,135.0,5.0,124.0,100.0,7.0,324.0,1.0,0.0
629,D농가,12,20231214,1,24.29,163.0,7.0,91.0,80.0,9.0,301.0,1.0,0.0
630,D농가,12,20231214,2,30.31,168.0,8.0,82.0,70.0,7.0,310.0,1.0,0.0
631,D농가,12,20231214,3,26.25,142.0,6.0,95.0,70.0,12.0,272.0,1.0,0.0
632,D농가,12,20231214,4,20.63,127.0,5.0,116.0,85.0,11.0,298.0,1.0,0.0
633,D농가,12,20231214,5,29.32,120.0,7.0,112.0,93.0,4.0,323.0,1.0,0.0
634,D농가,12,20231214,6,21.79,190.0,4.0,113.0,82.0,10.0,310.0,1.0,0.0
635,D농가,12,20231214,7,25.11,116.0,6.0,108.0,82.0,10.0,275.0,1.0,0.0
636,D농가,12,20231214,8,25.33,155.0,7.0,118.0,83.0,11.0,302.0,1.0,0.0
637,D농가,12,20231214,9,25.67,135.0,5.0,128.0,98.0,7.0,336.0,1.0,0.0
638,D농가,13,20231221,1,24.56,170.0,7.0,91.0,71.0,8.0,301.0,1.0,0.0
639,D농가,13,20231221,2,31.06,170.0,8.0,82.0,94.0,8.0,315.0,1.0,0.0
640,D농가,13,20231221,3,24.16,151.0,5.0,99.0,79.0,9.0,280.0,1.0,0.0
641,D농가,13,20231221,4,20.49,178.0,5.0,106.0,85.0,9.0,302.0,1.0,0.0
642,D농가,13,20231221,5,28.52,121.0,7.0,109.0,96.0,3.0,326.0,1.0,0.0
643,D농가,13,20231221,6,21.32,165.0,4.0,91.0,69.0,8.0,311.0,1.0,0.0
644,D농가,13,20231221,7,25.37,127.0,6.0,105.0,83.0,9.0,278.0,1.0,0.0
645,D농가,13,20231221,8,24.95,167.0,7.0,116.0,91.0,9.0,305.0,1.0,0.0
646,D농가,13,20231221,9,24.8,191.0,5.0,112.0,88.0,5.0,344.0,1.0,0.0
647,D농가,14,20231228,1,26.48,172.0,7.0,96.0,72.0,7.0,300.0,1.0,0.0
648,D농가,14,20231228,2,25.45,171.0,7.0,87.0,62.0,7.0,311.0,1.0,0.0
649,D농가,14,20231228,3,19.95,146.0,6.0,87.0,60.0,8.0,265.0,1.0,0.0
650,D농가,14,20231228,4,18.83,162.0,5.0,102.0,78.0,8.0,316.0,1.0,0.0
651,D농가,14,20231228,5,26.74,159.0,7.0,114.0,85.0,2.0,328.0,1.0,0.0
652,D농가,14,20231228,6,24.33,173.0,5.0,92.0,69.0,5.0,305.0,1.0,0.0
653,D농가,14,20231228,7,26.15,125.0,5.0,105.0,83.0,8.0,262.0,1.0,0.0
654,D농가,14,20231228,8,27.78,158.0,7.0,117.0,88.0,8.0,299.0,1.0,0.0
655,D농가,14,20231228,9,28.9,187.0,5.0,109.0,86.0,5.0,335.0,1.0,0.0
656,D농가,15,20240104,1,28.93,168.0,7.0,104.0,80.0,3.0,292.0,1.0,0.0
657,D농가,15,20240104,2,22.1,172.0,8.0,90.0,60.0,4.0,318.0,1.0,0.0
658,D농가,15,20240104,3,19.12,145.0,6.0,89.0,60.0,3.0,270.0,1.0,0.0
659,D농가,15,20240104,4,17.98,162.0,5.0,103.0,78.0,6.0,304.0,1.0,0.0
660,D농가,15,20240104,5,27.8,175.0,8.0,89.0,75.0,1.0,325.0,1.0,0.0
661,D농가,15,20240104,6,19.44,168.0,6.0,86.0,69.0,5.0,306.0,1.0,0.0
662,D농가,15,20240104,7,24.62,211.0,6.0,75.0,49.0,6.0,288.0,1.0,0.0
663,D농가,15,20240104,8,21.85,177.0,7.0,99.0,67.0,4.0,305.0,1.0,0.0
664,D농가,15,20240104,9,25.95,183.0,5.0,112.0,88.0,2.0,333.0,1.0,0.0
665,D농가,16,20240111,1,23.08,163.0,7.0,111.0,91.0,1.0,298.0,1.0,0.0
666,D농가,16,20240111,2,30.33,165.0,7.0,102.0,73.0,0.0,300.0,1.0,0.0
667,D농가,16,20240111,3,20.08,150.0,6.0,92.0,67.0,1.0,273.0,1.0,0.0
668,D농가,16,20240111,4,23.48,158.0,5.0,82.0,58.0,3.0,311.0,1.0,0.0
669,D농가,16,20240111,5,24.17,135.0,7.0,118.0,88.0,0.0,326.0,1.0,0.0
670,D농가,16,20240111,6,18.32,167.0,6.0,92.0,71.0,1.0,303.0,1.0,0.0
671,D농가,16,20240111,7,29.09,125.0,5.0,107.0,63.0,2.0,271.0,1.0,0.0
672,D농가,16,20240111,8,26.1,160.0,7.0,125.0,88.0,1.0,308.0,1.0,0.0
673,D농가,16,20240111,9,27.11,190.0,6.0,111.0,92.0,0.0,340.0,1.0,0.0
674,D농가,17,20240118,1,27.95,173.0,7.0,72.0,62.0,0.0,282.0,1.0,0.0
675,D농가,17,20240118,2,23.67,173.0,7.0,112.0,78.0,0.0,315.0,2.0,0.0
676,D농가,17,20240118,3,23.59,135.0,6.0,83.0,60.0,0.0,260.0,2.0,0.0
677,D농가,17,20240118,4,19.59,155.0,5.0,82.0,60.0,0.0,305.0,1.0,0.0
678,D농가,17,20240118,5,27.44,162.0,6.0,77.0,65.0,0.0,332.0,2.0,0.0
679,D농가,17,20240118,6,25.24,140.0,5.0,67.0,51.0,0.0,305.0,2.0,0.0
680,D농가,17,20240118,7,26.36,122.0,6.0,108.0,83.0,0.0,274.0,2.0,0.0
681,D농가,17,20240118,8,20.06,172.0,5.0,72.0,55.0,0.0,320.0,2.0,0.0
682,D농가,17,20240118,9,27.7,165.0,6.0,92.0,70.0,0.0,343.0,2.0,0.0
683,D농가,18,20240125,1,30.87,173.0,7.0,83.0,61.0,4.0,289.0,2.0,0.0
684,D농가,18,20240125,2,25.5,137.0,7.0,91.0,63.0,6.0,312.0,2.0,0.0
685,D농가,18,20240125,3,21.9,134.0,7.0,87.0,69.0,2.0,265.0,2.0,2.0
686,D농가,18,20240125,4,22.53,150.0,5.0,85.0,59.0,1.0,310.0,2.0,1.0
687,D농가,18,20240125,5,32.94,157.0,6.0,77.0,67.0,7.0,323.0,2.0,0.0
688,D농가,18,20240125,6,23.28,142.0,6.0,66.0,50.0,5.0,302.0,2.0,0.0
689,D농가,18,20240125,7,24.33,127.0,6.0,82.0,56.0,7.0,251.0,2.0,0.0
690,D농가,18,20240125,8,23.43,170.0,6.0,73.0,56.0,6.0,316.0,2.0,0.0
691,D농가,18,20240125,9,29.22,163.0,7.0,93.0,70.0,7.0,318.0,2.0,0.0
692,D농가,19,20240201,1,23.27,151.0,8.0,71.0,63.0,4.0,293.0,2.0,0.0
693,D농가,19,20240201,2,32.46,161.0,11.0,75.0,48.0,6.0,316.0,2.0,0.0
694,D농가,19,20240201,3,20.86,110.0,7.0,68.0,46.0,4.0,275.0,2.0,5.0
695,D농가,19,20240201,4,19.05,154.0,6.0,79.0,61.0,1.0,312.0,2.0,2.0
696,D농가,19,20240201,5,27.47,160.0,8.0,83.0,67.0,7.0,310.0,2.0,0.0
697,D농가,19,20240201,6,30.48,120.0,8.0,53.0,48.0,7.0,295.0,2.0,0.0
698,D농가,19,20240201,7,21.3,140.0,7.0,62.0,49.0,6.0,272.0,2.0,0.0
699,D농가,19,20240201,8,18.25,125.0,6.0,60.0,58.0,6.0,285.0,2.0,0.0
700,D농가,19,20240201,9,32.89,155.0,8.0,74.0,52.0,7.0,342.0,2.0,0.0
701,D농가,20,20240207,1,28.7,155.0,8.0,73.0,62.0,3.0,289.0,2.0,0.0
702,D농가,20,20240207,2,30.08,150.0,9.0,75.0,53.0,6.0,317.0,2.0,0.0
703,D농가,20,20240207,3,21.84,108.0,10.0,70.0,52.0,7.0,270.0,2.0,2.0
704,D농가,20,20240207,4,23.1,150.0,6.0,82.0,59.0,3.0,283.0,2.0,3.0
705,D농가,20,20240207,5,24.97,135.0,6.0,80.0,70.0,7.0,337.0,2.0,0.0
706,D농가,20,20240207,6,25.89,128.0,6.0,63.0,48.0,4.0,305.0,2.0,0.0
707,D농가,20,20240207,7,23.33,110.0,7.0,60.0,60.0,4.0,281.0,2.0,0.0
708,D농가,20,20240207,8,23.37,107.0,8.0,55.0,48.0,4.0,312.0,2.0,0.0
709,D농가,20,20240207,9,27.97,100.0,8.0,70.0,57.0,7.0,341.0,2.0,0.0
710,D농가,21,20240215,1,24.36,162.0,10.0,83.0,72.0,1.0,295.0,2.0,0.0
711,D농가,21,20240215,2,26.21,147.0,15.0,67.0,51.0,0.0,320.0,2.0,0.0
712,D농가,21,20240215,3,25.76,135.0,10.0,75.0,52.0,11.0,280.0,2.0,4.0
713,D농가,21,20240215,4,25.23,98.0,8.0,55.0,50.0,7.0,271.0,2.0,7.0
714,D농가,21,20240215,5,26.85,135.0,9.0,75.0,55.0,6.0,337.0,2.0,0.0
715,D농가,21,20240215,6,26.61,123.0,7.0,58.0,50.0,0.0,301.0,2.0,0.0
716,D농가,21,20240215,7,24.82,113.0,7.0,62.0,60.0,2.0,280.0,2.0,1.0
717,D농가,21,20240215,8,21.36,118.0,7.0,70.0,58.0,4.0,310.0,2.0,1.0
718,D농가,21,20240215,9,25.54,123.0,7.0,74.0,60.0,5.0,337.0,2.0,0.0
719,D농가,22,20240222,1,27.23,156.0,11.0,73.0,65.0,4.0,301.0,2.0,0.0
720,D농가,22,20240222,2,28.19,211.0,14.0,77.0,62.0,9.0,316.0,2.0,0.0
721,D농가,22,20240222,3,25.08,144.0,10.0,72.0,63.0,7.0,271.0,2.0,0.0
722,D농가,22,20240222,4,25.78,105.0,8.0,64.0,53.0,8.0,263.0,2.0,0.0
723,D농가,22,20240222,5,27.57,163.0,10.0,75.0,68.0,4.0,332.0,2.0,1.0
724,D농가,22,20240222,6,26.9,112.0,7.0,61.0,51.0,0.0,285.0,2.0,2.0
725,D농가,22,20240222,7,23.59,105.0,8.0,58.0,48.0,2.0,283.0,2.0,1.0
726,D농가,22,20240222,8,19.2,124.0,7.0,67.0,63.0,3.0,303.0,2.0,0.0
727,D농가,22,20240222,9,26.5,134.0,8.0,74.0,61.0,4.0,349.0,2.0,2.0
728,D농가,23,20240228,1,28.72,168.0,8.0,80.0,70.0,4.0,282.0,2.0,2.0
729,D농가,23,20240228,2,28.78,137.0,15.0,63.0,52.0,6.0,317.0,2.0,0.0
730,D농가,23,20240228,3,26.54,145.0,11.0,77.0,68.0,4.0,258.0,2.0,0.0
731,D농가,23,20240228,4,26.54,108.0,6.0,60.0,53.0,4.0,243.0,2.0,3.0
732,D농가,23,20240228,5,28.69,146.0,9.0,75.0,61.0,1.0,333.0,2.0,0.0
733,D농가,23,20240228,6,25.93,10.0,8.0,63.0,53.0,0.0,285.0,0.0,0.0
734,D농가,23,20240228,7,25.34,101.0,7.0,63.0,52.0,0.0,277.0,0.0,0.0
735,D농가,23,20240228,8,23.35,128.0,6.0,65.0,57.0,0.0,303.0,0.0,0.0
736,D농가,23,20240228,9,27.55,135.0,7.0,75.0,63.0,0.0,341.0,0.0,0.0
737,D농가,24,20240307,1,27.1,178.0,9.0,82.0,75.0,4.0,280.0,2.0,0.0
738,D농가,24,20240307,2,24.28,177.0,12.0,76.0,55.0,5.0,310.0,2.0,0.0
739,D농가,24,20240307,3,24.09,146.0,10.0,82.0,67.0,6.0,277.0,2.0,0.0
740,D농가,24,20240307,4,24.98,109.0,7.0,63.0,56.0,5.0,233.0,2.0,0.0
741,D농가,24,20240307,5,22.33,153.0,9.0,69.0,62.0,4.0,309.0,2.0,0.0
742,D농가,24,20240307,6,20.42,117.0,8.0,62.0,49.0,0.0,288.0,2.0,0.0
743,D농가,24,20240307,7,22.96,123.0,7.0,75.0,57.0,2.0,222.0,2.0,0.0
744,D농가,24,20240307,8,21.58,128.0,5.0,65.0,57.0,2.0,207.0,2.0,0.0
745,D농가,24,20240307,9,26.24,127.0,7.0,69.0,48.0,0.0,246.0,2.0,0.0
746,D농가,25,20240314,1,28.15,165.0,11.0,78.0,62.0,4.0,287.0,3.0,0.0
747,D농가,25,20240314,2,33.86,169.0,15.0,78.0,62.0,5.0,285.0,3.0,0.0
748,D농가,25,20240314,3,23.58,142.0,10.0,79.0,62.0,4.0,272.0,3.0,0.0
749,D농가,25,20240314,4,24.99,111.0,9.0,64.0,55.0,9.0,242.0,3.0,0.0
750,D농가,25,20240314,5,29.84,159.0,8.0,93.0,82.0,4.0,280.0,3.0,0.0
751,D농가,25,20240314,6,23.03,133.0,9.0,80.0,65.0,7.0,269.0,3.0,0.0
752,D농가,25,20240314,7,20.57,110.0,8.0,69.0,62.0,3.0,216.0,3.0,0.0
753,D농가,25,20240314,8,22.57,130.0,5.0,92.0,76.0,1.0,213.0,3.0,0.0
754,D농가,25,20240314,9,24.19,153.0,6.0,83.0,70.0,0.0,287.0,3.0,2.0
755,D농가,26,20240321,1,29.07,162.0,14.0,82.0,67.0,3.0,311.0,3.0,0.0
756,D농가,26,20240321,2,33.93,193.0,14.0,75.0,62.0,1.0,310.0,3.0,0.0
757,D농가,26,20240321,3,22.02,199.0,8.0,92.0,82.0,1.0,317.0,3.0,0.0
758,D농가,26,20240321,4,26.19,157.0,8.0,71.0,56.0,5.0,228.0,3.0,0.0
759,D농가,26,20240321,5,31.97,160.0,10.0,86.0,71.0,7.0,297.0,3.0,0.0
760,D농가,26,20240321,6,24.53,142.0,9.0,86.0,69.0,2.0,295.0,3.0,0.0
761,D농가,26,20240321,7,21.91,132.0,9.0,67.0,58.0,1.0,223.0,3.0,0.0
762,D농가,26,20240321,8,20.83,152.0,7.0,93.0,75.0,3.0,257.0,3.0,0.0
763,D농가,26,20240321,9,28.56,120.0,8.0,72.0,55.0,0.0,323.0,3.0,0.0
764,D농가,27,20240328,1,33.3,232.0,9.0,88.0,80.0,6.0,355.0,3.0,0.0
765,D농가,27,20240328,2,30.7,240.0,8.0,86.0,73.0,11.0,377.0,3.0,0.0
766,D농가,27,20240328,3,21.4,230.0,8.0,92.0,66.0,2.0,345.0,3.0,0.0
767,D농가,27,20240328,4,26.4,167.0,11.0,73.0,65.0,5.0,246.0,3.0,0.0
768,D농가,27,20240328,5,31.2,187.0,9.0,88.0,82.0,3.0,285.0,3.0,0.0
769,D농가,27,20240328,6,26.2,153.0,5.0,97.0,76.0,2.0,286.0,3.0,0.0
770,D농가,27,20240328,7,30.7,137.0,7.0,63.0,78.0,0.0,245.0,3.0,0.0
771,D농가,27,20240328,8,30.9,189.0,6.0,94.0,84.0,3.0,317.0,3.0,0.0
772,D농가,27,20240328,9,33.7,202.0,7.0,80.0,61.0,2.0,362.0,3.0,0.0
773,D농가,28,20240404,1,28.85,219.0,12.0,92.0,73.0,5.0,373.0,3.0,0.0
774,D농가,28,20240404,2,29.26,228.0,11.0,95.0,81.0,11.0,400.0,3.0,0.0
775,D농가,28,20240404,3,28.64,222.0,9.0,103.0,78.0,0.0,357.0,3.0,0.0
776,D농가,28,20240404,4,24.13,173.0,9.0,73.0,66.0,4.0,241.0,3.0,0.0
777,D농가,28,20240404,5,26.77,192.0,11.0,81.0,77.0,2.0,318.0,3.0,0.0
778,D농가,28,20240404,6,22.26,163.0,5.0,100.0,77.0,0.0,298.0,3.0,0.0
779,D농가,28,20240404,7,34.05,145.0,9.0,98.0,81.0,3.0,282.0,3.0,0.0
780,D농가,28,20240404,8,26.34,163.0,6.0,95.0,82.0,2.0,322.0,3.0,0.0
781,D농가,28,20240404,9,32.81,183.0,8.0,88.0,68.0,0.0,368.0,3.0,0.0
782,D농가,29,20240412,1,26.07,235.0,7.0,95.0,71.0,5.0,381.0,3.0,0.0
783,D농가,29,20240412,2,23.01,215.0,10.0,91.0,65.0,6.0,405.0,3.0,0.0
784,D농가,29,20240412,3,22.76,212.0,6.0,103.0,91.0,0.0,366.0,3.0,0.0
785,D농가,29,20240412,4,30.43,182.0,6.0,75.0,81.0,3.0,245.0,3.0,0.0
786,D농가,29,20240412,5,28.93,185.0,9.0,72.0,58.0,3.0,346.0,3.0,0.0
787,D농가,29,20240412,6,20.84,193.0,7.0,105.0,82.0,0.0,346.0,3.0,0.0
788,D농가,29,20240412,7,32.6,212.0,10.0,92.0,89.0,4.0,337.0,3.0,0.0
789,D농가,29,20240412,8,24.63,230.0,7.0,98.0,77.0,0.0,364.0,3.0,0.0
790,D농가,29,20240412,9,31.25,230.0,10.0,89.0,76.0,2.0,371.0,3.0,0.0
791,D농가,30,20240417,1,27.29,202.0,8.0,100.0,75.0,3.0,376.0,3.0,0.0
792,D농가,30,20240417,2,28.15,215.0,9.0,90.0,69.0,0.0,400.0,3.0,0.0
793,D농가,30,20240417,3,21.39,221.0,7.0,102.0,75.0,0.0,321.0,3.0,0.0
794,D농가,30,20240417,4,22.49,162.0,5.0,82.0,82.0,0.0,255.0,3.0,0.0
795,D농가,30,20240417,5,34.79,180.0,8.0,90.0,81.0,4.0,348.0,3.0,0.0
796,D농가,30,20240417,6,27.74,190.0,7.0,104.0,84.0,0.0,342.0,3.0,0.0
797,D농가,30,20240417,7,30.32,217.0,8.0,92.0,88.0,2.0,342.0,3.0,0.0
798,D농가,30,20240417,8,29.5,217.0,6.0,86.0,72.0,0.0,367.0,3.0,0.0
799,D농가,30,20240417,9,29.08,133.0,7.0,79.0,70.0,1.0,390.0,3.0,0.0
800,D농가,31,20240424,1,24.3,247.0,10.0,103.0,82.0,1.0,385.0,3.0,0.0
801,D농가,31,20240424,2,29.66,204.0,10.0,95.0,74.0,0.0,397.0,3.0,0.0
802,D농가,31,20240424,3,21.55,222.0,9.0,113.0,82.0,2.0,352.0,3.0,0.0
803,D농가,31,20240424,4,25.18,155.0,6.0,80.0,65.0,0.0,262.0,3.0,0.0
804,D농가,31,20240424,5,34.37,197.0,12.0,95.0,80.0,0.0,360.0,3.0,0.0
805,D농가,31,20240424,6,25.93,182.0,8.0,92.0,71.0,0.0,346.0,3.0,0.0
806,D농가,31,20240424,7,26.74,215.0,9.0,78.0,62.0,0.0,355.0,3.0,0.0
807,D농가,31,20240424,8,27.98,240.0,8.0,99.0,75.0,1.0,367.0,3.0,0.0
808,D농가,31,20240424,9,27.44,250.0,7.0,98.0,72.0,0.0,386.0,3.0,0.0
809,E농가,1,20230922,1,9.46,197.0,4.0,54.0,46.0,0.0,245.0,0.0,0.0
810,E농가,1,20230922,2,8.81,138.0,5.0,57.0,42.0,0.0,185.0,0.0,0.0
811,E농가,1,20230922,3,11.57,159.0,5.0,53.0,43.0,0.0,237.0,0.0,0.0
812,E농가,1,20230922,4,11.13,143.0,6.0,53.0,43.0,0.0,213.0,0.0,0.0
813,E농가,1,20230922,5,10.66,180.0,5.0,48.0,41.0,0.0,228.0,0.0,0.0
814,E농가,1,20230922,6,12.7,182.0,5.0,55.0,42.0,0.0,236.0,0.0,0.0
815,E농가,1,20230922,7,10.99,180.0,4.0,42.0,37.0,0.0,266.0,0.0,0.0
816,E농가,1,20230922,8,11.93,182.0,5.0,50.0,42.0,0.0,250.0,0.0,0.0
817,E농가,1,20230922,9,11.75,157.0,5.0,50.0,43.0,0.0,225.0,0.0,0.0
818,E농가,2,20230926,1,10.71,85.0,5.0,59.0,50.0,0.0,260.0,0.0,0.0
819,E농가,2,20230926,2,9.7,132.0,5.0,60.0,45.0,0.0,188.0,0.0,0.0
820,E농가,2,20230926,3,8.62,118.0,5.0,58.0,40.0,0.0,240.0,0.0,0.0
821,E농가,2,20230926,4,9.98,110.0,6.0,53.0,42.0,0.0,210.0,0.0,0.0
822,E농가,2,20230926,5,11.07,78.0,5.0,59.0,48.0,0.0,229.0,0.0,0.0
823,E농가,2,20230926,6,11.47,102.0,5.0,60.0,42.0,0.0,235.0,0.0,0.0
824,E농가,2,20230926,7,8.95,57.0,5.0,44.0,38.0,0.0,257.0,0.0,0.0
825,E농가,2,20230926,8,10.56,183.0,6.0,55.0,42.0,0.0,250.0,0.0,0.0
826,E농가,2,20230926,9,10.13,88.0,5.0,55.0,47.0,0.0,217.0,0.0,0.0
827,E농가,3,20231006,1,14.61,89.0,5.0,64.0,54.0,0.0,215.0,0.0,0.0
828,E농가,3,20231006,2,12.26,92.0,5.0,92.0,79.0,0.0,186.0,0.0,0.0
829,E농가,3,20231006,3,8.78,80.0,3.0,69.0,57.0,0.0,203.0,0.0,0.0
830,E농가,3,20231006,4,12.69,92.0,4.0,91.0,80.0,0.0,182.0,0.0,0.0
831,E농가,3,20231006,5,12.09,88.0,4.0,69.0,54.0,0.0,208.0,0.0,0.0
832,E농가,3,20231006,6,13.97,103.0,4.0,59.0,43.0,0.0,181.0,0.0,0.0
833,E농가,3,20231006,7,10.49,71.0,5.0,61.0,54.0,0.0,151.0,0.0,0.0
834,E농가,3,20231006,8,10.78,85.0,3.0,62.0,49.0,0.0,171.0,0.0,0.0
835,E농가,3,20231006,9,12.63,56.0,3.0,78.0,64.0,0.0,129.0,0.0,0.0
836,E농가,4,20231013,1,12.14,112.0,3.0,103.0,80.0,0.0,209.0,0.0,0.0
837,E농가,4,20231013,2,12.01,84.0,4.0,95.0,82.0,0.0,253.0,0.0,0.0
838,E농가,4,20231013,3,9.6,110.0,4.0,110.0,101.0,0.0,228.0,0.0,0.0
839,E농가,4,20231013,4,15.23,107.0,4.0,106.0,95.0,0.0,211.0,0.0,0.0
840,E농가,4,20231013,5,13.29,92.0,3.0,118.0,101.0,0.0,205.0,0.0,0.0
841,E농가,4,20231013,6,15.05,114.0,5.0,81.0,71.0,0.0,193.0,0.0,0.0
842,E농가,4,20231013,7,16.69,74.0,5.0,97.0,85.0,0.0,176.0,0.0,0.0
843,E농가,4,20231013,8,14.22,104.0,4.0,104.0,84.0,0.0,211.0,0.0,0.0
844,E농가,4,20231013,9,12.61,87.0,4.0,95.0,76.0,0.0,180.0,0.0,0.0
845,E농가,5,20231020,1,16.56,111.0,4.0,121.0,111.0,0.0,220.0,0.0,0.0
846,E농가,5,20231020,2,18.11,116.0,4.0,116.0,102.0,0.0,261.0,0.0,0.0
847,E농가,5,20231020,3,17.24,114.0,4.0,111.0,96.0,0.0,242.0,0.0,0.0
848,E농가,5,20231020,4,15.6,105.0,5.0,110.0,101.0,0.0,219.0,0.0,0.0
849,E농가,5,20231020,5,15.61,136.0,3.0,136.0,122.0,0.0,271.0,0.0,0.0
850,E농가,5,20231020,6,17.23,105.0,4.0,116.0,103.0,0.0,223.0,0.0,0.0
851,E농가,5,20231020,7,19.03,83.0,6.0,106.0,99.0,0.0,190.0,0.0,0.0
852,E농가,5,20231020,8,14.88,106.0,4.0,109.0,100.0,0.0,217.0,0.0,0.0
853,E농가,5,20231020,9,14.04,85.0,5.0,99.0,91.0,0.0,192.0,0.0,0.0
854,E농가,6,20231027,1,20.97,125.0,5.0,101.0,109.0,0.0,244.0,0.0,0.0
855,E농가,6,20231027,2,23.03,126.0,3.0,131.0,117.0,0.0,269.0,0.0,0.0
856,E농가,6,20231027,3,20.78,136.0,5.0,121.0,115.0,0.0,285.0,0.0,0.0
857,E농가,6,20231027,4,18.58,142.0,5.0,118.0,115.0,0.0,275.0,0.0,0.0
858,E농가,6,20231027,5,18.13,142.0,3.0,134.0,125.0,0.0,296.0,0.0,0.0
859,E농가,6,20231027,6,20.39,126.0,4.0,116.0,117.0,0.0,271.0,0.0,0.0
860,E농가,6,20231027,7,18.05,96.0,4.0,104.0,105.0,0.0,207.0,0.0,0.0
861,E농가,6,20231027,8,18.98,118.0,5.0,118.0,104.0,0.0,241.0,0.0,0.0
862,E농가,6,20231027,9,16.24,104.0,5.0,106.0,102.0,0.0,235.0,0.0,0.0
863,E농가,7,20231103,1,23.44,159.0,6.0,106.0,86.0,2.0,293.0,1.0,2.0
864,E농가,7,20231103,2,23.34,191.0,3.0,123.0,82.0,2.0,330.0,1.0,1.0
865,E농가,7,20231103,3,22.09,188.0,6.0,121.0,99.0,1.0,317.0,1.0,1.0
866,E농가,7,20231103,4,20.85,140.0,5.0,121.0,123.0,1.0,281.0,1.0,0.0
867,E농가,7,20231103,5,19.68,191.0,3.0,95.0,88.0,3.0,298.0,1.0,0.0
868,E농가,7,20231103,6,21.09,131.0,4.0,120.0,116.0,3.0,273.0,1.0,0.0
869,E농가,7,20231103,7,21.71,120.0,4.0,111.0,95.0,2.0,238.0,1.0,1.0
870,E농가,7,20231103,8,20.06,151.0,5.0,112.0,100.0,1.0,265.0,1.0,2.0
871,E농가,7,20231103,9,18.91,135.0,4.0,99.0,87.0,1.0,263.0,1.0,0.0
872,E농가,8,20231110,1,26.91,159.0,8.0,78.0,70.0,8.0,310.0,1.0,0.0
873,E농가,8,20231110,2,24.09,198.0,5.0,85.0,78.0,7.0,340.0,1.0,0.0
874,E농가,8,20231110,3,24.03,210.0,5.0,117.0,102.0,6.0,361.0,1.0,0.0
875,E농가,8,20231110,4,26.26,213.0,7.0,137.0,101.0,5.0,325.0,1.0,2.0
876,E농가,8,20231110,5,22.67,246.0,7.0,92.0,72.0,6.0,340.0,1.0,1.0
877,E농가,8,20231110,6,22.41,192.0,6.0,92.0,85.0,6.0,344.0,1.0,1.0
878,E농가,8,20231110,7,22.11,185.0,5.0,99.0,99.0,4.0,298.0,1.0,1.0
879,E농가,8,20231110,8,21.15,208.0,7.0,99.0,81.0,4.0,310.0,1.0,2.0
880,E농가,8,20231110,9,20.74,118.0,6.0,105.0,102.0,3.0,281.0,1.0,1.0
881,E농가,9,20231117,1,25.34,250.0,8.0,91.0,82.0,8.0,346.0,1.0,0.0
882,E농가,9,20231117,2,27.66,188.0,5.0,109.0,92.0,7.0,375.0,1.0,0.0
883,E농가,9,20231117,3,27.49,210.0,5.0,118.0,103.0,6.0,420.0,1.0,0.0
884,E농가,9,20231117,4,28.27,192.0,6.0,120.0,98.0,5.0,385.0,1.0,2.0
885,E농가,9,20231117,5,25.75,264.0,7.0,99.0,80.0,7.0,360.0,1.0,0.0
886,E농가,9,20231117,6,23.33,207.0,6.0,101.0,92.0,7.0,360.0,1.0,0.0
887,E농가,9,20231117,7,24.79,205.0,7.0,105.0,99.0,5.0,326.0,1.0,1.0
888,E농가,9,20231117,8,18.76,160.0,6.0,78.0,66.0,7.0,331.0,1.0,0.0
889,E농가,9,20231117,9,25.15,184.0,5.0,117.0,103.0,5.0,330.0,1.0,2.0
890,E농가,10,20231124,1,27.99,251.0,10.0,103.0,84.0,8.0,371.0,1.0,0.0
891,E농가,10,20231124,2,28.4,202.0,5.0,74.0,62.0,7.0,402.0,1.0,0.0
892,E농가,10,20231124,3,33.26,213.0,5.0,117.0,112.0,6.0,429.0,1.0,0.0
893,E농가,10,20231124,4,32.27,221.0,7.0,131.0,122.0,7.0,409.0,1.0,0.0
894,E농가,10,20231124,5,20.65,247.0,5.0,107.0,89.0,7.0,350.0,1.0,0.0
895,E농가,10,20231124,6,20.41,227.0,5.0,100.0,82.0,7.0,342.0,1.0,0.0
896,E농가,10,20231124,7,25.16,211.0,5.0,121.0,111.0,6.0,332.0,1.0,1.0
897,E농가,10,20231124,8,20.98,166.0,5.0,108.0,88.0,7.0,306.0,1.0,1.0
898,E농가,10,20231124,9,24.49,190.0,5.0,118.0,106.0,7.0,361.0,1.0,0.0
899,E농가,11,20231130,1,23.66,209.0,7.0,91.0,77.0,6.0,380.0,1.0,0.0
900,E농가,11,20231130,2,29.05,217.0,6.0,86.0,62.0,6.0,336.0,1.0,0.0
901,E농가,11,20231130,3,22.75,197.0,5.0,88.0,72.0,6.0,422.0,1.0,0.0
902,E농가,11,20231130,4,25.81,220.0,6.0,135.0,122.0,7.0,420.0,1.0,0.0
903,E농가,11,20231130,5,22.32,264.0,6.0,100.0,83.0,6.0,370.0,1.0,0.0
904,E농가,11,20231130,6,20.93,225.0,4.0,103.0,90.0,6.0,329.0,1.0,0.0
905,E농가,11,20231130,7,26.58,185.0,6.0,97.0,62.0,6.0,317.0,1.0,0.0
906,E농가,11,20231130,8,20.56,152.0,4.0,111.0,84.0,7.0,341.0,1.0,1.0
907,E농가,11,20231130,9,20.59,175.0,6.0,123.0,107.0,7.0,302.0,1.0,0.0
908,E농가,12,20231207,1,26.43,187.0,6.0,62.0,58.0,4.0,396.0,1.0,0.0
909,E농가,12,20231207,2,27.87,157.0,8.0,73.0,58.0,6.0,355.0,1.0,0.0
910,E농가,12,20231207,3,19.51,192.0,5.0,97.0,75.0,7.0,422.0,1.0,0.0
911,E농가,12,20231207,4,27.2,225.0,5.0,137.0,99.0,7.0,431.0,1.0,0.0
912,E농가,12,20231207,5,23.87,252.0,7.0,98.0,79.0,6.0,378.0,1.0,0.0
913,E농가,12,20231207,6,20.88,232.0,4.0,102.0,90.0,4.0,325.0,1.0,0.0
914,E농가,12,20231207,7,28.81,181.0,5.0,88.0,62.0,4.0,312.0,1.0,0.0
915,E농가,12,20231207,8,17.34,199.0,5.0,92.0,72.0,8.0,338.0,1.0,0.0
916,E농가,12,20231207,9,22.69,184.0,5.0,120.0,104.0,7.0,300.0,1.0,0.0
917,E농가,13,20231214,1,28.72,164.0,8.0,92.0,76.0,4.0,397.0,1.0,0.0
918,E농가,13,20231214,2,28.17,180.0,8.0,69.0,95.0,4.0,315.0,1.0,0.0
919,E농가,13,20231214,3,20.69,200.0,7.0,100.0,79.0,5.0,396.0,1.0,0.0
920,E농가,13,20231214,4,25.28,216.0,6.0,95.0,82.0,6.0,423.0,1.0,0.0
921,E농가,13,20231214,5,27.84,170.0,6.0,83.0,70.0,5.0,345.0,1.0,0.0
922,E농가,13,20231214,6,21.63,215.0,4.0,103.0,97.0,4.0,337.0,1.0,0.0
923,E농가,13,20231214,7,28.24,147.0,6.0,74.0,64.0,4.0,313.0,1.0,0.0
924,E농가,13,20231214,8,20.74,187.0,5.0,102.0,80.0,7.0,342.0,1.0,0.0
925,E농가,13,20231214,9,20.91,212.0,6.0,99.0,78.0,6.0,335.0,1.0,0.0
926,E농가,14,20231221,1,28.66,166.0,8.0,95.0,80.0,1.0,433.0,1.0,0.0
927,E농가,14,20231221,2,28.92,184.0,8.0,81.0,70.0,2.0,326.0,1.0,0.0
928,E농가,14,20231221,3,20.17,214.0,7.0,94.0,80.0,5.0,446.0,1.0,0.0
929,E농가,14,20231221,4,24.09,233.0,6.0,87.0,82.0,6.0,444.0,1.0,1.0
930,E농가,14,20231221,5,26.04,195.0,6.0,82.0,74.0,4.0,404.0,1.0,0.0
931,E농가,14,20231221,6,26.71,229.0,4.0,106.0,96.0,1.0,361.0,1.0,0.0
932,E농가,14,20231221,7,27.98,164.0,6.0,66.0,64.0,2.0,327.0,1.0,0.0
933,E농가,14,20231221,8,20.55,241.0,4.0,103.0,102.0,5.0,366.0,1.0,0.0
934,E농가,14,20231221,9,20.87,194.0,6.0,126.0,111.0,6.0,355.0,1.0,0.0
935,E농가,15,20231228,1,30.78,152.0,8.0,78.0,62.0,1.0,398.0,1.0,0.0
936,E농가,15,20231228,2,29.7,222.0,8.0,100.0,78.0,1.0,300.0,1.0,0.0
937,E농가,15,20231228,3,18.93,201.0,4.0,92.0,77.0,4.0,424.0,1.0,0.0
938,E농가,15,20231228,4,24.13,225.0,6.0,96.0,80.0,4.0,425.0,1.0,0.0
939,E농가,15,20231228,5,23.22,256.0,5.0,108.0,95.0,4.0,372.0,1.0,0.0
940,E농가,15,20231228,6,22.04,217.0,4.0,107.0,106.0,4.0,332.0,1.0,0.0
941,E농가,15,20231228,7,22.02,160.0,5.0,80.0,70.0,2.0,314.0,1.0,0.0
942,E농가,15,20231228,8,18.25,228.0,4.0,105.0,94.0,4.0,318.0,1.0,0.0
943,E농가,15,20231228,9,22.32,250.0,8.0,99.0,78.0,6.0,372.0,1.0,0.0
944,E농가,16,20240104,1,27.84,167.0,7.0,75.0,65.0,0.0,385.0,1.0,0.0
945,E농가,16,20240104,2,24.35,181.0,6.0,90.0,71.0,0.0,313.0,1.0,0.0
946,E농가,16,20240104,3,22.22,202.0,5.0,97.0,80.0,3.0,428.0,1.0,0.0
947,E농가,16,20240104,4,26.58,225.0,6.0,88.0,80.0,4.0,432.0,1.0,0.0
948,E농가,16,20240104,5,24.01,250.0,5.0,112.0,90.0,1.0,348.0,1.0,0.0
949,E농가,16,20240104,6,23.73,172.0,4.0,88.0,76.0,0.0,330.0,1.0,0.0
950,E농가,16,20240104,7,26.46,166.0,7.0,73.0,65.0,2.0,317.0,1.0,0.0
951,E농가,16,20240104,8,20.71,190.0,6.0,92.0,78.0,4.0,375.0,1.0,0.0
952,E농가,16,20240104,9,24.37,245.0,6.0,95.0,73.0,4.0,340.0,1.0,0.0
953,E농가,17,20240111,1,31.33,152.0,7.0,79.0,65.0,0.0,281.0,1.0,0.0
954,E농가,17,20240111,2,31.39,137.0,6.0,60.0,51.0,0.0,280.0,1.0,0.0
955,E농가,17,20240111,3,26.97,143.0,6.0,92.0,66.0,2.0,366.0,1.0,0.0
956,E농가,17,20240111,4,22.01,180.0,5.0,80.0,72.0,2.0,427.0,1.0,0.0
957,E농가,17,20240111,5,24.81,183.0,5.0,84.0,73.0,0.0,351.0,1.0,0.0
958,E농가,17,20240111,6,26.62,151.0,5.0,54.0,51.0,1.0,260.0,1.0,0.0
959,E농가,17,20240111,7,30.34,113.0,6.0,67.0,56.0,1.0,287.0,1.0,0.0
960,E농가,17,20240111,8,23.66,215.0,4.0,87.0,71.0,0.0,359.0,1.0,0.0
961,E농가,17,20240111,9,30.18,246.0,5.0,95.0,80.0,2.0,368.0,1.0,0.0
962,E농가,18,20240118,1,30.01,138.0,10.0,70.0,67.0,0.0,290.0,2.0,0.0
963,E농가,18,20240118,2,28.68,185.0,9.0,68.0,60.0,2.0,260.0,1.0,0.0
964,E농가,18,20240118,3,20.52,172.0,5.0,92.0,68.0,0.0,368.0,1.0,0.0
965,E농가,18,20240118,4,26.49,172.0,5.0,82.0,73.0,1.0,442.0,1.0,0.0
966,E농가,18,20240118,5,19.69,178.0,5.0,82.0,75.0,0.0,260.0,1.0,0.0
967,E농가,18,20240118,6,31.85,176.0,5.0,90.0,78.0,0.0,347.0,2.0,0.0
968,E농가,18,20240118,7,29.92,176.0,6.0,72.0,67.0,1.0,290.0,1.0,0.0
969,E농가,18,20240118,8,21.32,215.0,4.0,92.0,77.0,0.0,345.0,1.0,0.0
970,E농가,18,20240118,9,24.28,248.0,8.0,97.0,82.0,0.0,372.0,1.0,0.0
971,E농가,19,20240125,1,33.99,161.0,9.0,67.0,55.0,4.0,274.0,2.0,4.0
972,E농가,19,20240125,2,36.69,165.0,7.0,60.0,50.0,0.0,275.0,1.0,0.0
973,E농가,19,20240125,3,19.16,145.0,6.0,97.0,70.0,3.0,362.0,2.0,0.0
974,E농가,19,20240125,4,29.72,160.0,5.0,82.0,73.0,1.0,427.0,1.0,0.0
975,E농가,19,20240125,5,25.67,185.0,5.0,82.0,72.0,0.0,367.0,1.0,0.0
976,E농가,19,20240125,6,26.22,150.0,6.0,71.0,58.0,1.0,340.0,1.0,0.0
977,E농가,19,20240125,7,29.66,155.0,6.0,93.0,63.0,0.0,291.0,2.0,0.0
978,E농가,19,20240125,8,21.19,220.0,4.0,92.0,72.0,0.0,348.0,1.0,0.0
979,E농가,19,20240125,9,27.83,232.0,8.0,102.0,76.0,1.0,371.0,1.0,0.0
980,E농가,20,20240201,1,35.77,170.0,12.0,75.0,68.0,5.0,355.0,2.0,3.0
981,E농가,20,20240201,2,35.54,175.0,7.0,58.0,45.0,0.0,277.0,2.0,1.0
982,E농가,20,20240201,3,20.23,155.0,5.0,81.0,62.0,2.0,363.0,2.0,0.0
983,E농가,20,20240201,4,26.61,133.0,8.0,55.0,45.0,0.0,435.0,2.0,0.0
984,E농가,20,20240201,5,23.59,185.0,5.0,82.0,73.0,0.0,282.0,2.0,0.0
985,E농가,20,20240201,6,26.13,150.0,6.0,75.0,68.0,0.0,237.0,2.0,0.0
986,E농가,20,20240201,7,27.76,140.0,7.0,70.0,53.0,1.0,273.0,2.0,1.0
987,E농가,20,20240201,8,21.1,90.0,5.0,60.0,45.0,0.0,337.0,2.0,0.0
988,E농가,20,20240201,9,24.49,140.0,10.0,61.0,41.0,1.0,383.0,4.0,1.0
989,E농가,21,20240207,1,34.39,171.0,12.0,69.0,59.0,4.0,275.0,2.0,1.0
990,E농가,21,20240207,2,35.67,145.0,7.0,59.0,50.0,2.0,295.0,2.0,1.0
991,E농가,21,20240207,3,20.78,211.0,5.0,95.0,79.0,1.0,337.0,2.0,0.0
992,E농가,21,20240207,4,29.23,175.0,6.0,82.0,70.0,0.0,433.0,2.0,0.0
993,E농가,21,20240207,5,23.72,105.0,6.0,60.0,45.0,0.0,270.0,2.0,0.0
994,E농가,21,20240207,6,29.87,139.0,8.0,80.0,61.0,5.0,280.0,2.0,2.0
995,E농가,21,20240207,7,35.19,132.0,7.0,78.0,64.0,2.0,278.0,2.0,1.0
996,E농가,21,20240207,8,25.45,105.0,5.0,60.0,50.0,0.0,340.0,2.0,0.0
997,E농가,21,20240207,9,26.86,101.0,9.0,48.0,43.0,0.0,361.0,2.0,0.0
998,E농가,22,20240215,1,36.34,200.0,11.0,65.0,68.0,6.0,330.0,2.0,0.0
999,E농가,22,20240215,2,33.74,162.0,12.0,70.0,52.0,7.0,377.0,2.0,1.0
1000,E농가,22,20240215,3,20.1,115.0,5.0,43.0,48.0,4.0,321.0,2.0,0.0
1001,E농가,22,20240215,4,27.0,160.0,6.0,48.0,40.0,0.0,423.0,2.0,0.0
1002,E농가,22,20240215,5,23.5,165.0,7.0,71.0,58.0,0.0,281.0,2.0,0.0
1003,E농가,22,20240215,6,26.9,166.0,8.0,75.0,63.0,5.0,319.0,2.0,0.0
1004,E농가,22,20240215,7,35.5,162.0,8.0,73.0,52.0,0.0,270.0,2.0,0.0
1005,E농가,22,20240215,8,20.5,123.0,5.0,73.0,60.0,0.0,307.0,2.0,0.0
1006,E농가,22,20240215,9,22.0,177.0,9.0,63.0,51.0,0.0,362.0,2.0,0.0
1007,E농가,23,20240222,1,33.42,162.0,6.0,73.0,72.0,3.0,269.0,2.0,0.0
1008,E농가,23,20240222,2,30.54,170.0,5.0,82.0,67.0,1.0,280.0,2.0,0.0
1009,E농가,23,20240222,3,17.58,83.0,4.0,58.0,48.0,0.0,252.0,2.0,0.0
1010,E농가,23,20240222,4,23.22,150.0,6.0,57.0,48.0,0.0,247.0,2.0,0.0
1011,E농가,23,20240222,5,22.74,143.0,6.0,73.0,62.0,0.0,277.0,2.0,0.0
1012,E농가,23,20240222,6,22.35,157.0,4.0,86.0,68.0,5.0,308.0,2.0,0.0
1013,E농가,23,20240222,7,34.42,140.0,5.0,70.0,55.0,0.0,281.0,2.0,1.0
1014,E농가,23,20240222,8,18.76,129.0,4.0,85.0,67.0,0.0,210.0,2.0,0.0
1015,E농가,23,20240222,9,21.83,150.0,7.0,64.0,52.0,0.0,257.0,2.0,1.0
1016,E농가,24,20240228,1,30.91,206.0,9.0,63.0,57.0,4.0,399.0,2.0,1.0
1017,E농가,24,20240228,2,31.79,190.0,6.0,70.0,65.0,5.0,301.0,2.0,1.0
1018,E농가,24,20240228,3,21.43,172.0,4.0,92.0,65.0,0.0,268.0,2.0,0.0
1019,E농가,24,20240228,4,25.45,163.0,7.0,58.0,48.0,1.0,262.0,2.0,3.0
1020,E농가,24,20240228,5,23.71,161.0,7.0,75.0,66.0,0.0,308.0,2.0,2.0
1021,E농가,24,20240228,6,21.88,195.0,5.0,91.0,89.0,2.0,368.0,2.0,2.0
1022,E농가,24,20240228,7,33.11,172.0,6.0,76.0,76.0,2.0,303.0,2.0,4.0
1023,E농가,24,20240228,8,20.57,144.0,4.0,104.0,89.0,0.0,258.0,2.0,1.0
1024,E농가,24,20240228,9,24.95,195.0,8.0,91.0,65.0,1.0,288.0,2.0,2.0
1025,E농가,25,20240306,1,35.68,218.0,8.0,68.0,60.0,4.0,398.0,2.0,2.0
1026,E농가,25,20240306,2,35.72,201.0,7.0,66.0,53.0,5.0,310.0,2.0,1.0
1027,E농가,25,20240306,3,23.6,150.0,5.0,60.0,48.0,1.0,245.0,2.0,0.0
1028,E농가,25,20240306,4,24.67,202.0,8.0,58.0,57.0,0.0,288.0,2.0,0.0
1029,E농가,25,20240306,5,23.54,165.0,8.0,72.0,63.0,0.0,277.0,2.0,0.0
1030,E농가,25,20240306,6,28.97,183.0,10.0,94.0,74.0,0.0,344.0,2.0,0.0
1031,E농가,25,20240306,7,33.16,178.0,6.0,85.0,58.0,0.0,283.0,2.0,0.0
1032,E농가,25,20240306,8,21.8,142.0,5.0,105.0,78.0,0.0,310.0,2.0,0.0
1033,E농가,25,20240306,9,27.02,185.0,8.0,67.0,53.0,0.0,277.0,2.0,0.0
1034,E농가,26,20240314,1,32.89,171.0,10.0,78.0,62.0,0.0,405.0,2.0,0.0
1035,E농가,26,20240314,2,32.39,220.0,8.0,75.0,48.0,7.0,305.0,3.0,3.0
1036,E농가,26,20240314,3,27.5,191.0,6.0,68.0,57.0,0.0,260.0,2.0,0.0
1037,E농가,26,20240314,4,32.75,196.0,7.0,77.0,65.0,4.0,283.0,3.0,0.0
1038,E농가,26,20240314,5,22.69,185.0,6.0,98.0,83.0,1.0,313.0,3.0,1.0
1039,E농가,26,20240314,6,37.87,211.0,11.0,75.0,62.0,3.0,363.0,2.0,0.0
1040,E농가,26,20240314,7,34.1,192.0,9.0,89.0,87.0,1.0,320.0,2.0,0.0
1041,E농가,26,20240314,8,20.3,205.0,5.0,82.0,75.0,0.0,315.0,3.0,0.0
1042,E농가,26,20240314,9,27.36,168.0,10.0,82.0,66.0,4.0,338.0,3.0,2.0
1043,E농가,27,20240320,1,33.89,289.0,14.0,78.0,62.0,4.0,412.0,3.0,1.0
1044,E농가,27,20240320,2,30.48,232.0,10.0,78.0,68.0,8.0,337.0,3.0,0.0
1045,E농가,27,20240320,3,22.4,192.0,5.0,71.0,47.0,1.0,371.0,3.0,0.0
1046,E농가,27,20240320,4,35.18,162.0,10.0,71.0,62.0,2.0,358.0,3.0,0.0
1047,E농가,27,20240320,5,22.93,233.0,8.0,102.0,88.0,9.0,343.0,3.0,1.0
1048,E농가,27,20240320,6,34.87,233.0,13.0,98.0,92.0,3.0,415.0,3.0,0.0
1049,E농가,27,20240320,7,31.85,197.0,7.0,74.0,68.0,1.0,378.0,3.0,0.0
1050,E농가,27,20240320,8,26.76,205.0,6.0,91.0,76.0,1.0,375.0,3.0,0.0
1051,E농가,27,20240320,9,23.01,195.0,10.0,91.0,66.0,7.0,387.0,3.0,1.0
1052,E농가,28,20240327,1,35.25,197.0,13.0,92.0,85.0,2.0,451.0,3.0,0.0
1053,E농가,28,20240327,2,34.18,272.0,9.0,92.0,70.0,0.0,407.0,3.0,0.0
1054,E농가,28,20240327,3,22.32,287.0,6.0,95.0,81.0,1.0,371.0,3.0,0.0
1055,E농가,28,20240327,4,28.41,237.0,9.0,83.0,78.0,4.0,462.0,3.0,0.0
1056,E농가,28,20240327,5,21.78,238.0,7.0,104.0,88.0,3.0,440.0,3.0,0.0
1057,E농가,28,20240327,6,29.92,332.0,9.0,102.0,76.0,2.0,445.0,3.0,0.0
1058,E농가,28,20240327,7,30.93,248.0,8.0,95.0,78.0,3.0,413.0,3.0,0.0
1059,E농가,28,20240327,8,27.98,252.0,7.0,105.0,97.0,1.0,410.0,3.0,0.0
1060,E농가,28,20240327,9,25.14,260.0,11.0,103.0,87.0,3.0,421.0,3.0,0.0
1061,E농가,29,20240404,1,39.41,320.0,13.0,102.0,90.0,0.0,472.0,3.0,0.0
1062,E농가,29,20240404,2,31.65,323.0,10.0,124.0,93.0,2.0,446.0,3.0,0.0
1063,E농가,29,20240404,3,26.11,256.0,4.0,72.0,45.0,1.0,452.0,3.0,0.0
1064,E농가,29,20240404,4,28.4,240.0,6.0,75.0,61.0,4.0,460.0,3.0,0.0
1065,E농가,29,20240404,5,20.29,243.0,6.0,111.0,95.0,3.0,462.0,3.0,0.0
1066,E농가,29,20240404,6,30.98,291.0,11.0,103.0,70.0,1.0,451.0,3.0,0.0
1067,E농가,29,20240404,7,28.79,267.0,5.0,101.0,83.0,0.0,390.0,3.0,0.0
1068,E농가,29,20240404,8,27.69,291.0,6.0,125.0,123.0,1.0,422.0,3.0,0.0
1069,E농가,29,20240404,9,24.59,262.0,10.0,109.0,87.0,0.0,505.0,3.0,0.0
1070,E농가,30,20240411,1,35.68,345.0,12.0,120.0,90.0,0.0,412.0,3.0,0.0
1071,E농가,30,20240411,2,32.09,331.0,14.0,79.0,62.0,1.0,465.0,3.0,0.0
1072,E농가,30,20240411,3,24.6,217.0,5.0,72.0,47.0,1.0,450.0,3.0,0.0
1073,E농가,30,20240411,4,29.46,237.0,10.0,88.0,79.0,0.0,407.0,3.0,0.0
1074,E농가,30,20240411,5,20.52,248.0,6.0,98.0,87.0,1.0,440.0,3.0,0.0
1075,E농가,30,20240411,6,38.81,282.0,11.0,100.0,74.0,1.0,470.0,3.0,0.0
1076,E농가,30,20240411,7,33.01,302.0,5.0,122.0,100.0,0.0,450.0,3.0,0.0
1077,E농가,30,20240411,8,24.27,295.0,7.0,122.0,118.0,0.0,418.0,3.0,0.0
1078,E농가,30,20240411,9,25.21,327.0,8.0,91.0,78.0,0.0,448.0,3.0,0.0
1079,E농가,31,20240418,1,36.02,344.0,12.0,95.0,84.0,0.0,493.0,3.0,0.0
1080,E농가,31,20240418,2,25.53,292.0,7.0,78.0,70.0,0.0,410.0,3.0,0.0
1081,E농가,31,20240418,3,22.79,162.0,3.0,72.0,67.0,0.0,385.0,3.0,0.0
1082,E농가,31,20240418,4,29.82,315.0,8.0,90.0,82.0,0.0,467.0,3.0,0.0
1083,E농가,31,20240418,5,21.82,291.0,4.0,87.0,80.0,0.0,435.0,3.0,0.0
1084,E농가,31,20240418,6,29.9,355.0,7.0,93.0,85.0,1.0,485.0,3.0,0.0
1085,E농가,31,20240418,7,29.11,270.0,7.0,110.0,78.0,0.0,453.0,3.0,0.0
1086,E농가,31,20240418,8,24.38,335.0,9.0,128.0,107.0,0.0,479.0,3.0,0.0
1087,E농가,31,20240418,9,27.01,282.0,7.0,124.0,90.0,0.0,470.0,3.0,0.0
1088,E농가,32,20240426,1,32.72,340.0,13.0,117.0,96.0,0.0,455.0,3.0,0.0
1089,E농가,32,20240426,2,27.06,305.0,7.0,88.0,74.0,0.0,400.0,3.0,0.0
1090,E농가,32,20240426,3,25.67,160.0,3.0,72.0,70.0,0.0,245.0,3.0,0.0
1091,E농가,32,20240426,4,26.0,311.0,9.0,101.0,83.0,0.0,413.0,3.0,0.0
1092,E농가,32,20240426,5,19.17,220.0,7.0,78.0,70.0,0.0,352.0,3.0,0.0
1093,E농가,32,20240426,6,29.35,307.0,6.0,97.0,87.0,0.0,480.0,3.0,0.0
1094,E농가,32,20240426,7,29.94,288.0,8.0,83.0,70.0,0.0,452.0,3.0,0.0
1095,E농가,32,20240426,8,23.65,319.0,4.0,95.0,81.0,0.0,495.0,3.0,0.0
1096,E농가,32,20240426,9,27.9,292.0,8.0,80.0,71.0,0.0,421.0,3.0,0.0
