행정구역,2020-01-01,2020-02-01,2020-03-01,2020-04-01,2020-05-01,2020-06-01,2020-07-01,2020-08-01,2020-09-01,2020-10-01,2020-11-01,2020-12-01,2021-01-01,2021-02-01,2021-03-01,2021-04-01,2021-05-01,2021-06-01,2021-07-01,2021-08-01,2021-09-01,2021-10-01,2021-11-01,2021-12-01,2022-01-01,2022-02-01,2022-03-01,2022-04-01,2022-05-01,2022-06-01,2022-07-01,2022-08-01,2022-09-01,2022-10-01,2022-11-01,2022-12-01,2023-07-01,2023-08-01,2023-09-01,2023-10-01,2023-11-01,2023-12-01,2024-01-01,2024-02-01,2024-03-01,2024-04-01
서울특별시  (1100000000),9733509,9736962,9733655,9726787,9724496,9720846,9715429,9708247,9699232,9689159,9679771,9668465,9657969,9648606,9598484,9588711,9575355,9565990,9558153,9550227,9542256,9532428,9520880,9509458,9505926,9508451,9506778,9500480,9496887,9494807,9493211,9488454,9450768,9443722,9436836,9428372,9411260.0,9409466.0,9407540.0,9400249.0,9390925.0,9386034.0,9384325.0,9386705.0,9384739.0,9378269.0
서울특별시 종로구 (1111000000),151215,151309,151217,150936,150623,150383,150183,149962,149952,149703,149549,149384,149125,148884,147296,147113,146377,146029,145692,145551,145512,145346,145073,144683,144543,144575,144275,144005,143850,143624,143547,143499,141978,141861,141650,141379,140206.0,140032.0,139945.0,139606.0,139497.0,139417.0,139378.0,139471.0,139498.0,139432.0
서울특별시 중구 (1114000000),126201,126259,126175,126126,126120,126092,125970,125990,125800,125641,125505,125240,125038,124836,124552,124477,123133,123016,122951,122852,122858,122781,122673,122499,122315,122167,122173,122087,122054,122088,122138,121960,120969,120648,120545,120437,121460.0,121482.0,121405.0,121300.0,121230.0,121312.0,121322.0,121419.0,121602.0,121607.0
서울특별시 용산구 (1117000000),229385,229677,229579,229369,229393,229431,229432,229362,229786,230044,230151,230040,230045,230113,229013,228755,227515,226378,225977,224977,224145,223713,223442,222953,222573,222413,222169,222009,222083,222263,222262,222230,219275,219102,218945,218650,217042.0,216547.0,216152.0,215397.0,214381.0,213151.0,212175.0,211247.0,209849.0,207969.0
서울특별시 성동구 (1120000000),300410,299797,299042,298249,297820,297397,296896,296183,295591,294895,294272,293556,293103,292537,291906,291534,289656,289162,288703,288214,287820,287174,286599,285990,285516,285137,285073,284573,284173,283821,283618,283603,282250,281694,281370,281000,279142.0,278750.0,278366.0,278035.0,277701.0,277361.0,277090.0,276952.0,276964.0,276847.0
서울특별시 광진구 (1121500000),351263,351032,350417,350016,349800,349574,349258,348647,348064,347615,347285,346682,346067,345248,343392,343006,342812,342481,342111,341505,341112,340814,340339,339996,340002,340494,340707,340396,340062,339893,339853,339567,338257,337900,337713,337416,336141.0,336446.0,336604.0,336294.0,335854.0,335554.0,335335.0,335200.0,335105.0,334790.0
서울특별시 동대문구 (1123000000),346080,346072,346156,345793,345815,345593,345156,344650,344416,343819,343377,342837,342034,341756,338875,338480,338233,338040,337946,337857,337846,337538,337316,337400,337419,337881,337982,337570,337443,337330,337198,337233,337106,337273,337241,336644,338657.0,340333.0,341238.0,341521.0,341510.0,341149.0,340983.0,341620.0,341987.0,341981.0
서울특별시 중랑구 (1126000000),396755,396314,395619,395072,394982,394414,394293,395788,395997,395572,395194,394702,394532,393933,392041,391502,390476,389972,389428,388911,388554,388218,387667,387350,387598,388606,389043,388941,388736,388509,388307,387840,386390,385976,385638,385318,383687.0,383072.0,382797.0,382390.0,381858.0,382155.0,382284.0,382322.0,381966.0,381668.0
서울특별시 성북구 (1129000000),442471,442483,442494,442174,442148,441812,441188,440395,439719,438973,438051,437153,437684,437961,434826,434383,433988,433658,433361,432815,432628,432081,431313,430528,430074,431892,433150,433331,433531,433559,433583,433386,431827,431581,431047,430397,428507.0,428122.0,427671.0,426892.0,426276.0,425602.0,424916.0,424853.0,424881.0,424663.0
서울특별시 강북구 (1130500000),313705,313289,312985,312691,312270,311773,311198,310555,309996,309245,308569,308055,307487,306639,304078,303622,303154,302645,302113,301430,300887,300278,299792,299182,298727,298074,297384,296942,296726,296653,296489,296073,294876,294429,293984,293660,291025.0,290583.0,290155.0,289372.0,288735.0,288113.0,287490.0,287040.0,286400.0,285880.0
서울특별시 도봉구 (1132000000),332753,332083,331238,330707,330149,329560,328822,328014,327248,326617,326082,325257,324281,323431,321717,321227,320687,320365,319893,319211,318718,318299,317943,317366,317150,316631,316098,315522,315162,314791,314662,313835,312788,312427,312053,311694,308447.0,307968.0,307740.0,307470.0,307070.0,306948.0,306722.0,306542.0,306346.0,306057.0
서울특별시 노원구 (1135000000),532662,531840,531037,530302,529617,528887,527981,526718,525486,524515,523708,523037,521852,520366,518278,517417,516552,515997,515198,514050,513053,512129,511275,510956,510805,510527,510486,509658,508867,508066,507575,507076,505503,505058,504609,503734,500094.0,499908.0,499989.0,499553.0,498976.0,498213.0,497237.0,497097.0,497064.0,496406.0
서울특별시 은평구 (1138000000),479457,479005,478019,477973,478029,479524,481184,481729,481546,481165,480617,479835,479223,478336,475501,474843,475143,475371,475008,474414,474062,473369,473468,473307,473122,472640,472259,473131,473669,473674,473529,472954,470289,468988,467851,466746,463702.0,465977.0,467098.0,467124.0,466968.0,466770.0,466474.0,466061.0,466007.0,465660.0
서울특별시 서대문구 (1141000000),310353,311327,312642,312809,312869,312720,312264,312632,313212,312781,312325,312173,311720,311132,308482,307825,307406,307070,306839,306472,306249,305840,305443,304819,305113,305793,305866,305721,305615,305623,305716,306253,305149,305113,305541,306337,307870.0,307672.0,307441.0,306927.0,306594.0,306231.0,305857.0,305909.0,305986.0,306001.0
서울특별시 마포구 (1144000000),373951,374315,374570,374426,374837,374390,374036,373620,373508,372905,372320,371890,371492,371200,368518,369577,369970,370132,370185,370053,369903,369695,369238,368905,368617,368560,368331,367613,367474,367584,367473,367190,365266,364698,364374,364638,364978.0,364573.0,364257.0,363953.0,363862.0,363697.0,363679.0,363615.0,363645.0,363449.0
서울특별시 양천구 (1147000000),457887,457332,456339,457132,458181,457953,457543,456980,456240,455649,455058,454251,453382,454270,452677,452112,451541,450992,450431,449603,449010,448634,448061,447302,446895,446478,446182,445662,444925,444548,444213,443847,442145,441749,441550,440881,438125.0,437665.0,437401.0,437199.0,436475.0,436028.0,435548.0,435278.0,434528.0,433975.0
서울특별시 강서구 (1150000000),591599,590419,589302,588281,587553,586936,586279,584920,583544,582586,581909,580185,579176,579082,577320,577580,577484,577519,577058,576361,575875,575370,574789,574315,574001,573531,573046,572648,572959,573045,572814,572230,570368,570011,569456,569166,566333.0,565195.0,564339.0,563663.0,563575.0,563058.0,562550.0,562067.0,561386.0,560679.0
서울특별시 구로구 (1153000000),406751,406245,405837,405271,405030,405075,405260,405495,405579,405481,405194,404408,403518,402642,401074,400399,399950,399266,398744,397887,397506,397330,397058,396754,396515,396221,396017,395555,395146,394850,394745,394246,393181,394212,394811,395315,394746.0,394363.0,393929.0,393459.0,392967.0,392405.0,392311.0,391671.0,391387.0,390952.0
서울특별시 금천구 (1154500000),233066,232827,232583,232396,232425,232250,231939,232013,232157,232173,232003,231733,231634,231290,229844,229639,229823,230168,230665,230759,230644,230740,230839,230811,230881,230856,231098,231150,231427,231565,231522,231356,230504,230156,229890,229642,229086.0,228858.0,228611.0,228274.0,227701.0,227481.0,227457.0,227268.0,227160.0,226955.0
서울특별시 영등포구 (1156000000),367916,370108,371903,372225,372568,373349,374097,375133,375630,376924,378276,379480,380169,380443,377590,377696,377577,377421,377408,377655,377536,377524,377048,376837,376949,376884,376740,376465,376290,376437,376661,377295,376216,375849,375785,375675,375997.0,375526.0,375586.0,375276.0,374920.0,374794.0,374985.0,374968.0,375148.0,375090.0
서울특별시 동작구 (1159000000),395636,395201,395014,394988,395180,395165,394905,394118,393554,392674,391896,391220,390433,389754,388730,388672,388396,387847,387810,387558,387117,386246,386051,385483,385478,385490,386017,385982,385755,385898,385746,385379,383637,382747,381704,380596,380562.0,380478.0,380154.0,379640.0,379186.0,378769.0,378360.0,378283.0,378649.0,378871.0
서울특별시 관악구 (1162000000),499869,499587,499374,498978,499431,499740,499729,499316,498574,497082,496059,495060,494175,493374,490352,489464,489160,488800,488525,488304,488029,487357,486427,485699,485610,486209,486375,486361,486686,486946,487172,487629,486787,487201,487038,486752,486633.0,485994.0,485172.0,483959.0,482692.0,481956.0,481872.0,481834.0,481958.0,481722.0
서울특별시 서초구 (1165000000),431050,431336,430568,429729,429340,428919,428252,427237,426009,425558,425431,425126,424707,423829,421315,420318,419121,418407,418294,417568,416285,415083,413363,412279,411539,410682,409823,408918,408133,407672,407346,406565,405076,404902,404704,404325,404731.0,404616.0,406404.0,407788.0,408098.0,407664.0,407768.0,407996.0,407840.0,407596.0
서울특별시 강남구 (1168000000),545938,546436,544804,543240,541915,541233,540636,540148,539235,540127,539838,539231,538536,537879,534796,533579,532296,531375,530529,532818,533359,533878,533557,533042,533173,533286,532577,532049,531744,531777,532198,532500,530103,529946,529698,529102,538872.0,540730.0,540957.0,541565.0,541130.0,544873.0,549154.0,553555.0,554280.0,554651.0
서울특별시 송파구 (1171000000),676341,675782,674095,672862,672089,671512,671589,671312,670331,668920,668498,667960,667222,665463,661411,660160,659446,658670,658093,658991,659385,659239,658841,658338,658859,661452,662607,662963,662960,662961,663070,662599,660211,659788,659381,658801,656603.0,656176.0,655744.0,655300.0,654845.0,654166.0,653989.0,653922.0,653736.0,653447.0
서울특별시 강동구 (1174000000),440795,446887,452646,455042,456312,457164,457339,457330,458058,458495,458604,459970,461334,464208,464900,465331,465459,465209,465191,464411,464163,463752,463265,462664,462452,461972,461300,461228,461417,461630,461774,462109,460617,460413,460258,460067,458614.0,458400.0,458385.0,458292.0,458824.0,459167.0,459389.0,460515.0,461367.0,461921.0
부산광역시  (2600000000),3411819,3410925,3409932,3408347,3406942,3404423,3402776,3401072,3399749,3397598,3395514,3391946,3389388,3387761,3372399,3369704,3367334,3364358,3361781,3359527,3358763,3356311,3353627,3350380,3348874,3347396,3343504,3340214,3338167,3336737,3334595,3331444,3323826,3322286,3320276,3317812,3305052.0,3302740.0,3300836.0,3298213.0,3295496.0,3293362.0,3290964.0,3289401.0,3287292.0,3284947.0
부산광역시 중구 (2611000000),41830,41826,41764,41714,41742,41652,41633,41630,41593,41547,41501,41523,41549,41551,41370,41311,41209,40561,40666,40713,40708,40676,40556,40524,40537,40582,40596,40585,40537,40455,40342,40297,40117,39936,39840,39689,39151.0,39060.0,38956.0,38831.0,38723.0,38619.0,38476.0,38487.0,38463.0,38385.0
부산광역시 서구 (2614000000),107973,107844,107669,107722,107868,107947,107934,107768,107689,107996,108119,108135,107978,107824,106451,106545,106556,106422,106314,105996,105813,105557,105406,105164,104863,104618,104323,103961,103810,104340,104755,105386,105380,105358,105286,105192,104299.0,104304.0,104251.0,104268.0,104192.0,104089.0,103889.0,103694.0,103525.0,103289.0
부산광역시 동구 (2617000000),88292,88439,89289,89673,89710,89698,89721,89665,89410,89205,89031,88901,88763,88639,88218,88159,88080,87916,87764,87585,87595,87705,87770,87679,87906,88245,88283,88257,88222,88087,87851,87701,87103,86948,86670,86462,87721.0,88027.0,88069.0,88008.0,87910.0,87792.0,87619.0,87460.0,87275.0,87170.0
부산광역시 영도구 (2620000000),116447,116155,115886,115645,115388,115120,114873,114511,114252,113909,113621,113342,113048,112809,111507,111387,111574,111685,111580,111386,111210,111111,110901,110638,110425,109991,109660,109407,109460,109395,109327,109131,108699,108505,108294,108156,107143.0,107103.0,107003.0,106816.0,106701.0,106548.0,106335.0,106233.0,106108.0,105864.0
부산광역시 부산진구 (2623000000),357284,356811,356661,356978,357190,357242,357695,357768,357558,358317,359375,359886,359978,360025,357645,357193,356706,356091,355589,355138,354924,354428,353769,353159,352462,351764,351154,351022,350977,350999,351436,351682,351125,353568,355302,355917,357296.0,357196.0,358316.0,359329.0,359712.0,359508.0,360053.0,360881.0,361264.0,361320.0
부산광역시 동래구 (2626000000),271562,271528,272319,272570,272532,272476,272554,272182,271980,271633,271187,270745,270695,270678,269497,268996,268616,268391,267994,267672,267425,266912,266570,266866,270338,273802,274134,273976,273996,274491,274769,274638,274136,273790,273447,273226,272376.0,272176.0,271877.0,271670.0,271504.0,270815.0,269784.0,269350.0,269036.0,268872.0
부산광역시 남구 (2629000000),273707,272927,272381,271674,271183,270606,270125,269626,269251,268711,268249,267731,267351,266989,265759,265194,264679,264098,263764,263333,263262,263236,262856,262069,261209,260624,260581,260617,260261,259735,259135,258660,257934,257147,256647,256333,255392.0,255095.0,254599.0,254455.0,254469.0,254185.0,254348.0,255107.0,255470.0,255629.0
부산광역시 북구 (2632000000),290908,290230,289575,289059,288986,288376,287736,286865,286327,285507,284872,283952,283452,282799,281851,282073,283138,283612,283696,283901,283937,283766,283584,283211,282535,281749,281198,280852,280647,280511,280268,280116,279964,279770,279303,278857,276316.0,275670.0,274961.0,274481.0,274072.0,273596.0,272932.0,272315.0,271932.0,271525.0
부산광역시 해운대구 (2635000000),406312,405708,405155,405268,404459,403923,403878,403118,402749,402820,402518,402169,401710,401280,400083,399821,399222,399015,398645,398117,397918,397516,397071,396438,395788,394792,393809,393130,392110,391311,390782,389841,388393,387840,387297,386785,383042.0,382448.0,382115.0,381466.0,381031.0,380448.0,379702.0,378753.0,378063.0,377664.0
부산광역시 사하구 (2638000000),320254,319542,318866,318196,317747,317258,316705,315748,314728,313677,312840,311757,311052,310740,309302,308684,308036,307559,306866,306885,306843,306605,306421,306003,305922,306098,305762,305556,305393,305008,304583,304029,303143,302844,302450,301987,300440.0,299844.0,299416.0,298815.0,298339.0,297831.0,296935.0,296253.0,295755.0,295217.0
부산광역시 금정구 (2641000000),238556,238208,237508,236904,236596,236009,235155,234640,234135,233601,233303,232666,231959,231743,230605,230204,229704,229222,229228,229240,229350,229148,228936,228049,226875,226029,225608,225033,224746,224173,223713,223430,222783,222264,221647,221256,218300.0,217839.0,217429.0,216770.0,216290.0,215590.0,214642.0,214168.0,213976.0,213602.0
부산광역시 강서구 (2644000000),130298,130748,131140,131235,131557,131779,131979,133354,135330,136485,137229,137957,138610,139088,139239,139652,140215,140720,141226,141688,142104,142444,142768,142918,143098,143227,143429,143638,143914,144047,144071,143925,143727,143611,143360,143207,142970.0,142890.0,142886.0,142777.0,142704.0,142396.0,142109.0,141783.0,141775.0,142103.0
부산광역시 연제구 (2647000000),209980,210509,210326,210086,209873,209514,209345,210146,210362,210191,209688,209157,208900,208743,207419,206979,206547,206239,205936,205700,205676,205607,205742,207144,207342,207178,206932,206677,206506,206145,205895,205515,204869,204377,203871,203536,203027.0,202918.0,202884.0,203004.0,203008.0,205766.0,209331.0,210999.0,211435.0,211851.0
부산광역시 수영구 (2650000000),176112,176879,176967,176984,176886,176975,176742,176937,177266,177085,176885,176894,176742,176703,176145,176276,176062,175877,175722,175815,175799,175583,175389,175095,174867,174838,174661,174633,174665,174739,174709,174596,174275,174694,174907,174806,175413.0,175455.0,175150.0,174994.0,174744.0,174518.0,174086.0,173944.0,173738.0,173501.0
부산광역시 사상구 (2653000000),217594,217250,216840,216507,216083,215709,215332,214826,214345,213747,213178,212586,212173,212038,211252,210943,210579,210333,210005,209547,209410,209138,208727,208298,207772,207138,206804,206365,206099,205765,205287,204769,203957,203331,203496,203789,202889.0,203534.0,203749.0,203445.0,203139.0,202932.0,202376.0,202062.0,201853.0,201614.0
부산광역시 기장군 (2671000000),164710,166321,167586,168132,169142,170139,171369,172288,172774,173167,173918,174545,175428,176112,176056,176287,176411,176617,176786,176811,176789,176879,177161,177125,176935,176721,176570,176505,176824,177536,177672,177728,178221,178303,178459,178614,179277.0,179181.0,179175.0,179084.0,178958.0,178729.0,178347.0,177912.0,177624.0,177341.0
대구광역시  (2700000000),2436488,2432883,2433568,2431523,2429059,2427954,2428022,2428228,2426849,2424171,2421859,2418346,2415813,2413191,2408875,2406296,2402940,2397646,2395749,2393626,2392787,2390721,2388230,2385412,2383858,2381095,2380494,2378573,2376676,2375306,2374120,2371936,2367735,2366852,2365619,2363691,2379086.0,2378464.0,2377801.0,2376978.0,2376044.0,2374960.0,2373844.0,2372008.0,2369962.0,2368670.0
대구광역시 중구 (2711000000),77282,77151,77136,76955,76880,76984,77062,77120,77030,76849,76727,76547,76382,76159,75647,75366,75133,74727,74433,74125,74032,74682,74793,74791,74786,74710,75704,77842,78703,78984,79014,78923,78768,79241,79722,80199,85296.0,86210.0,86714.0,87387.0,87998.0,89064.0,89685.0,90242.0,90561.0,90953.0
대구광역시 동구 (2714000000),344932,343857,343933,343568,342897,342627,342657,343317,343233,342552,342432,341920,341498,341661,342656,342468,341730,340693,340426,340242,340024,340575,341114,341436,341710,341730,341498,341142,341070,341126,340847,340440,340171,340213,340050,339530,340568.0,341800.0,342476.0,342627.0,343031.0,342813.0,342703.0,342161.0,341918.0,342302.0
대구광역시 서구 (2717000000),174803,174389,174042,173807,173278,172802,172657,172465,171947,171576,171060,170700,170383,170005,169432,169022,168704,167773,167270,166878,166406,165862,165208,164528,164127,163588,163042,162325,161790,161542,161928,161802,161169,160802,160343,159827,159603.0,159255.0,159896.0,161149.0,163028.0,164088.0,164513.0,164734.0,164457.0,164069.0
대구광역시 남구 (2720000000),148057,147938,148083,147905,147746,147482,147355,147235,146864,146513,146658,146632,146428,146255,146006,146188,146066,145105,144889,144564,144484,144119,143645,143175,142753,142558,142437,141805,141520,141285,141586,141643,141590,141822,141773,141519,140768.0,140497.0,140404.0,140132.0,139664.0,139187.0,138806.0,138480.0,138140.0,137566.0
대구광역시 북구 (2723000000),437189,436530,436847,436863,437566,438608,439432,439690,440500,440832,440736,440263,439906,439218,438365,438248,437892,437333,437083,436827,437146,436499,436567,437008,437023,436613,437284,436386,435869,435131,434250,433551,432558,432087,431703,430912,425718.0,424831.0,423657.0,422571.0,420972.0,419624.0,418563.0,417347.0,416725.0,416439.0
대구광역시 수성구 (2726000000),428770,428729,428777,428125,427436,426919,426611,426437,425949,425639,424947,424314,424112,423937,422759,421840,420820,419979,420048,419837,419536,418833,418014,417097,416706,416496,415829,415694,415306,414917,414439,413675,412775,412302,411794,411553,407697.0,407190.0,406915.0,406802.0,407004.0,407331.0,408260.0,409114.0,408943.0,408899.0
대구광역시 달서구 (2729000000),568663,567716,567978,567375,566213,565378,564639,563730,562972,561568,560354,558631,557404,555948,554177,552975,552192,551490,550640,549494,548694,547340,545983,544926,544366,543469,542328,540693,539528,539024,538838,538727,537705,537179,536927,536989,533248.0,532496.0,531782.0,530737.0,529085.0,527781.0,526576.0,525741.0,525600.0,525496.0
대구광역시 달성군 (2771000000),256792,256573,256772,256925,257043,257154,257609,258234,258354,258642,258945,259339,259700,260008,259833,260189,260403,260546,260960,261659,262465,262811,262906,262451,262387,261931,262372,262686,262890,263297,263218,263175,262999,263206,263307,263162,263023.0,263055.0,262850.0,262525.0,262243.0,262084.0,261808.0,261317.0,260800.0,260152.0
인천광역시  (2800000000),2956119,2954955,2952689,2950972,2950063,2947217,2945565,2943491,2942553,2942233,2942307,2942828,2942452,2941705,2936461,2936214,2936382,2936367,2937440,2938429,2941795,2945009,2946319,2948375,2949150,2950978,2952699,2953260,2955167,2957066,2960580,2963117,2960097,2962388,2964820,2967314,2981553.0,2985152.0,2987918.0,2990276.0,2993492.0,2997410.0,3000454.0,3003150.0,3006045.0,3008484.0
인천광역시 중구 (2811000000),136013,136879,137587,137994,138535,138783,139042,139154,139299,139391,139646,139729,139762,139776,139325,139548,139930,140175,140641,141341,142053,142618,143052,143633,144088,144935,145672,146380,147093,147705,148626,149164,150353,151310,152265,152931,156906.0,157127.0,157595.0,158181.0,158588.0,158958.0,159481.0,161569.0,162369.0,162789.0
인천광역시 동구 (2814000000),64337,64216,64039,63866,63795,63546,63309,63093,62957,62802,62747,62542,62485,62381,61755,61680,61530,61436,62258,62410,62244,61977,61716,61486,61222,60848,60382,59856,59322,59017,58819,58612,58423,58574,58809,58999,60011.0,59922.0,59940.0,59806.0,59695.0,59482.0,59325.0,59178.0,59073.0,58931.0
인천광역시 미추홀구 (2817700000),408394,407369,406829,406690,406602,406125,405498,404360,403500,402662,402392,404343,404843,405125,404175,403999,404236,404618,404560,405811,406482,406789,407010,407464,407353,407131,406943,406835,407253,407180,406892,407874,407167,407190,406723,406004,405054.0,405633.0,405471.0,405499.0,404987.0,405995.0,406937.0,407117.0,407307.0,408275.0
인천광역시 연수구 (2818500000),367321,369588,370796,371396,372206,372566,374353,378093,380980,383529,385973,387450,388409,389527,390477,390807,390971,390827,390638,390107,389977,389926,389638,389644,389263,388461,388732,388284,387789,387303,386740,386257,385910,385884,385955,385796,389315.0,389310.0,389722.0,390896.0,391934.0,392416.0,392681.0,392959.0,393825.0,394421.0
인천광역시 남동구 (2820000000),532569,532257,531960,531526,531031,530416,529413,528255,527515,527080,526337,525354,524800,524004,522713,522330,521719,521340,520683,519667,518988,518662,518372,518272,517894,516859,516176,515474,513965,512645,511709,509710,508213,507567,506911,506181,498379.0,497181.0,496318.0,495110.0,493559.0,492415.0,491660.0,490973.0,490390.0,489479.0
인천광역시 부평구 (2823700000),510362,508587,506682,505236,503946,502365,501128,499290,497902,496958,495882,494962,494487,493610,491370,490968,490970,490609,490138,489178,488683,488092,487201,486765,486445,485656,484844,484125,486216,488095,489374,490558,489286,489329,489137,489118,489017.0,488696.0,488383.0,487885.0,490899.0,494138.0,495627.0,495768.0,495215.0,494750.0
인천광역시 계양구 (2824500000),302832,301984,301395,300885,300446,299853,299210,298184,297540,297282,297148,296750,296200,296534,296771,296947,296705,296442,296173,295492,294668,294852,295462,295696,295450,294795,294201,293734,293506,292985,292437,291779,290559,290068,289520,288856,284133.0,283422.0,282826.0,282158.0,281063.0,280266.0,279708.0,279261.0,279902.0,280794.0
인천광역시 서구 (2826000000),544608,544465,544034,543994,544010,544136,544147,543627,543365,542982,542611,542040,541823,541164,540532,540532,540790,541304,542635,544726,549053,552338,553962,555380,557342,562119,565436,568102,569494,571547,575323,578529,579650,581974,585036,589013,608904.0,614123.0,618052.0,621152.0,623256.0,624358.0,625675.0,627113.0,628811.0,629925.0
인천광역시 강화군 (2871000000),69197,69154,68996,69030,69102,69060,69032,69003,69070,69069,69074,69203,69245,69236,69008,69089,69212,69285,69326,69324,69302,69351,69502,69693,69748,69801,69780,69881,69940,70033,70064,70014,69897,69809,69805,69803,69326.0,69265.0,69162.0,69137.0,69073.0,69005.0,69013.0,68925.0,68941.0,68918.0
인천광역시 옹진군 (2872000000),20486,20456,20371,20355,20390,20367,20433,20432,20425,20478,20497,20455,20398,20348,20335,20314,20319,20331,20388,20373,20345,20404,20404,20342,20345,20373,20533,20589,20589,20556,20596,20620,20639,20683,20659,20613,20508.0,20473.0,20449.0,20452.0,20438.0,20377.0,20347.0,20287.0,20212.0,20202.0
광주광역시  (2900000000),1456688,1456121,1455705,1456096,1455533,1455048,1454709,1454154,1453952,1452994,1451993,1450062,1449115,1447953,1445473,1444787,1443154,1442647,1442482,1441970,1442827,1442454,1442138,1441611,1441636,1440032,1438463,1436916,1436012,1435378,1434703,1434397,1432856,1432651,1432049,1431050,1424305.0,1423810.0,1422999.0,1421760.0,1420822.0,1419237.0,1418241.0,1417031.0,1415774.0,1414862.0
광주광역시 동구 (2911000000),98642,98641,98628,98622,99158,99273,99228,99159,100993,102151,102645,102897,102877,102745,102467,102939,103007,103146,103185,103333,103544,103443,103396,103470,103466,103299,103081,102984,102936,103233,103432,105137,105688,105798,105845,105909,106720.0,106704.0,106675.0,106957.0,107165.0,107176.0,107152.0,107021.0,106855.0,106690.0
광주광역시 서구 (2914000000),301339,301015,300292,300093,299850,299248,298898,298644,298030,297527,297214,296576,296036,295368,294691,294128,293364,293088,292724,292400,292180,291705,291411,291231,291235,290550,289789,289341,288703,288120,287748,288100,288043,287720,287607,287401,285972.0,285843.0,285537.0,284870.0,284355.0,283991.0,283582.0,283552.0,282898.0,282274.0
광주광역시 남구 (2915500000),218035,217993,217810,217543,216758,216256,215987,215701,215266,215072,214752,214579,214532,214579,213776,213698,213717,213910,214111,214051,214295,215043,215527,215575,215739,215454,215008,214848,215251,215274,215129,214411,213653,213079,212701,212379,210618.0,210423.0,210329.0,210027.0,209979.0,209646.0,209472.0,209448.0,209022.0,208632.0
광주광역시 북구 (2917000000),433147,432872,433006,433057,432731,433444,433463,433279,432525,431684,431256,430431,430516,430209,429600,429159,428262,427858,428040,427773,428082,427684,427463,427114,426877,427139,427178,426745,426329,426053,425881,424715,423743,424720,425001,424707,422475.0,422881.0,422776.0,422567.0,422159.0,421683.0,421473.0,421073.0,421968.0,422779.0
광주광역시 광산구 (2920000000),405525,405600,405969,406781,407036,406827,407133,407371,407138,406560,406126,405579,405154,405052,404939,404863,404804,404645,404422,404413,404726,404579,404341,404221,404319,403590,403407,402998,402793,402698,402513,402034,401729,401334,400895,400654,398520.0,397959.0,397682.0,397339.0,397164.0,396741.0,396562.0,395937.0,395031.0,394487.0
대전광역시  (3000000000),1474152,1473125,1471858,1471650,1471915,1471040,1470225,1469431,1469099,1467556,1465893,1463882,1463291,1462064,1458463,1457619,1457161,1456107,1455300,1454679,1455058,1454228,1453675,1452251,1451272,1450862,1450057,1449360,1448933,1448401,1448182,1448240,1446602,1446863,1446749,1446072,1444898.0,1444837.0,1444595.0,1443965.0,1443106.0,1442216.0,1441562.0,1441536.0,1441689.0,1441272.0
대전광역시 동구 (3011000000),226216,225633,225302,225094,224729,224300,224060,223728,223368,222850,222446,223021,223727,224103,223469,223358,223353,223245,223198,223206,223409,223384,223038,222222,221592,221300,220860,220313,220920,221043,220889,220724,220511,220286,220102,219751,218701.0,218694.0,218687.0,218465.0,218037.0,217628.0,217079.0,217024.0,216872.0,216533.0
대전광역시 중구 (3014000000),240215,240064,239635,239361,238955,238540,238149,237792,237425,236825,236492,235550,235164,234654,233601,233213,233067,232841,232627,232309,232077,231852,231306,230341,229555,229283,229497,229531,229089,229570,229712,229092,228198,227934,227500,227108,224684.0,224439.0,224439.0,224143.0,223506.0,223256.0,222919.0,222690.0,223076.0,223581.0
대전광역시 서구 (3017000000),481174,481349,481135,481304,481449,481436,481209,481124,480780,479806,478872,477880,477326,476945,475685,475622,475406,474934,474653,474504,474444,474046,473952,473365,473019,472935,472417,471907,471247,470332,469987,471029,470852,471112,471033,470374,467653.0,467364.0,466927.0,465978.0,465183.0,464634.0,464741.0,464764.0,464115.0,463328.0
대전광역시 유성구 (3020000000),349824,349915,350055,350439,351532,351882,352316,352550,352604,352231,351790,351047,350875,350374,350136,350017,350046,349927,349836,349809,350337,350284,351049,351277,351622,351887,351989,352557,352826,352844,353151,353263,353449,354066,354845,356093,363057.0,363731.0,364062.0,365082.0,366294.0,366845.0,367240.0,367500.0,367727.0,367634.0
대전광역시 대덕구 (3023000000),176723,176164,175731,175452,175250,174882,174491,174237,174922,175844,176293,176384,176199,175988,175572,175409,175289,175160,174986,174851,174791,174662,174330,175046,175484,175457,175294,175052,174851,174612,174443,174132,173592,173465,173269,172746,170803.0,170609.0,170480.0,170297.0,170086.0,169853.0,169583.0,169558.0,169899.0,170196.0
울산광역시  (3100000000),1147037,1145710,1144563,1144098,1143148,1142190,1141362,1140310,1139368,1138581,1137345,1136017,1135370,1132953,1129254,1128163,1127175,1126369,1125727,1124459,1123236,1122566,1122495,1121592,1121100,1119446,1118010,1117204,1116482,1115609,1114753,1113458,1112191,1111707,1111371,1110663,1105326.0,1104448.0,1104167.0,1104031.0,1103752.0,1103661.0,1103402.0,1102161.0,1101336.0,1101059.0
울산광역시 중구 (3111000000),223060,222395,221702,221125,220604,220028,219635,219249,218862,218571,218096,217595,217191,216523,215276,214901,214775,214779,214584,214280,213833,213579,213441,212883,212502,211948,211523,211249,210786,210354,210115,209642,209120,208846,208508,208132,205838.0,205464.0,205345.0,207179.0,208347.0,208668.0,208568.0,208249.0,208044.0,208000.0
울산광역시 남구 (3114000000),323704,323756,323320,323230,323192,322883,322486,321955,321494,321134,320716,320064,319780,319189,318059,317672,317184,316716,316241,315599,315118,314706,314331,313819,313427,312885,312328,312148,312230,312159,311849,311396,310955,310784,310737,310638,309220.0,309139.0,309184.0,308438.0,307790.0,307232.0,306762.0,306068.0,305615.0,305346.0
울산광역시 동구 (3117000000),159294,158809,158477,158323,158154,157973,157757,157589,157396,157319,157111,156806,156596,156209,155753,155511,155284,155129,154922,154705,154566,154501,154383,154096,153975,153592,153330,153164,152971,152691,152560,152322,152008,151986,151945,151711,152048.0,152315.0,152523.0,152419.0,152356.0,152287.0,152104.0,151796.0,151648.0,151663.0
울산광역시 북구 (3120000000),218053,218190,218353,218364,218396,218673,218777,218765,218903,218949,218882,219014,219175,218774,218481,218410,218303,218131,218065,217920,217736,217750,218258,218735,219121,219067,219052,218947,218738,218742,218637,218489,218447,218539,218635,218670,217879.0,217533.0,217322.0,216567.0,216025.0,216477.0,217045.0,217047.0,216917.0,216895.0
울산광역시 울주군 (3171000000),222926,222560,222711,223056,222802,222633,222707,222752,222713,222608,222540,222538,222628,222258,221685,221669,221629,221614,221915,221955,221983,222030,222082,222059,222075,221954,221777,221696,221757,221663,221592,221609,221661,221552,221546,221512,220341.0,219997.0,219793.0,219428.0,219234.0,218997.0,218923.0,219001.0,219112.0,219155.0
세종특별자치시  (3600000000),342328,343788,344792,345216,345373,345341,346217,347232,348014,351007,353430,355831,357871,359569,360462,361396,362036,362995,364364,365309,366560,368276,369465,371895,374377,376399,377296,378196,379340,380215,380889,381439,381925,382258,382770,383591,386192.0,385953.0,385932.0,386079.0,386256.0,386525.0,386944.0,387193.0,387411.0,387726.0
세종특별자치시  (3611000000),342328,343788,344792,345216,345373,345341,346217,347232,348014,351007,353430,355831,357871,359569,360462,361396,362036,362995,364364,365309,366560,368276,369465,371895,374377,376399,377296,378196,379340,380215,380889,381439,381925,382258,382770,383591,386192.0,385953.0,385932.0,386079.0,386256.0,386525.0,386944.0,387193.0,387411.0,387726.0
경기도  (4100000000),13250368,13265377,13288975,13311254,13324041,13338020,13351891,13370714,13388485,13400615,13413459,13427014,13449499,13471758,13465837,13479798,13488910,13500688,13512867,13530519,13542284,13549577,13557973,13565450,13571450,13574369,13575936,13577808,13581496,13585967,13589362,13590056,13574353,13579508,13583238,13589432,13623055.0,13624964.0,13626339.0,13627840.0,13628135.0,13630821.0,13635250.0,13639616.0,13642451.0,13648156.0
경기도 수원시 (4111000000),1193894,1193480,1192762,1192622,1192018,1191542,1191244,1190074,1188926,1187638,1187153,1186078,1185741,1186273,1185984,1185532,1184922,1184210,1183615,1183419,1184754,1185276,1184683,1183714,1184404,1184996,1185569,1185560,1185041,1185044,1185184,1186961,1188234,1189654,1190368,1190964,1192960.0,1195111.0,1195718.0,1196864.0,1197241.0,1197257.0,1197220.0,1196856.0,1196818.0,1196987.0
경기도 수원시 장안구 (4111100000),277846,277386,276842,276611,276317,275875,275479,274984,274911,274480,274148,273661,273324,272823,271918,271170,270807,270373,270044,269906,272625,273854,274107,273835,273399,273339,273541,273238,272963,273223,273174,272638,271779,271305,271012,270524,269128.0,268547.0,268202.0,269440.0,270294.0,270849.0,270959.0,271316.0,271526.0,273317.0
경기도 수원시 권선구 (4111300000),371509,371218,370922,370955,370687,370648,370548,370337,369755,369314,369150,368645,368686,368157,366553,365778,365384,365208,365157,365103,364671,364416,364164,364136,367044,368667,369288,369525,369217,369188,369016,368047,366832,366453,367004,367446,368915.0,368270.0,367359.0,366740.0,366467.0,366167.0,366306.0,365904.0,365844.0,365287.0
경기도 수원시 팔달구 (4111500000),175698,175677,175533,175446,175396,175468,175247,175063,174879,174683,174709,174930,175098,177307,180743,182377,182844,183123,183198,183288,182925,182600,182390,182321,181990,181806,181595,181395,181280,181123,181416,185563,189267,191423,192225,192610,192414.0,195442.0,197197.0,197705.0,197473.0,197213.0,196921.0,196573.0,196326.0,195864.0
경기도 수원시 영통구 (4111700000),368841,369199,369465,369610,369618,369551,369970,369690,369381,369161,369146,368842,368633,367986,366770,366207,365887,365506,365216,365122,364533,364406,364022,363422,361971,361184,361145,361402,361581,361510,361578,360713,360356,360473,360127,360384,362503.0,362852.0,362960.0,362979.0,363007.0,363028.0,363034.0,363063.0,363122.0,362519.0
경기도 성남시 (4113000000),942649,942183,941688,941527,940519,939748,938982,940668,941783,941480,940746,940064,939774,938819,934308,932867,931626,931654,931756,931931,931760,931319,931063,930948,931072,930731,929463,928267,927340,926645,925981,924333,920903,920667,920362,922518,919771.0,918077.0,917374.0,917243.0,918771.0,919747.0,919856.0,919855.0,919464.0,918706.0
경기도 성남시 수정구 (4113100000),234614,234417,234421,234653,234702,234729,234993,239043,241803,242451,242157,241701,241568,241217,238984,238336,237729,236873,236351,235720,235530,235980,236076,235988,235887,235616,235377,235103,234748,234728,234524,234303,233447,232663,232125,230460,230699.0,230552.0,230406.0,230442.0,233509.0,235942.0,236825.0,237291.0,237514.0,237536.0
경기도 성남시 중원구 (4113300000),219921,219619,219408,219155,218785,218485,218146,216969,216379,216013,215975,216131,216142,216128,215336,215314,215212,214767,214189,213784,213280,212478,211658,210777,210344,209991,209406,208846,208356,207896,207526,206386,204894,205893,206211,210505,213471.0,213015.0,212792.0,212648.0,211505.0,210848.0,210369.0,210179.0,209947.0,209574.0
경기도 성남시 분당구 (4113500000),488114,488147,487859,487719,487032,486534,485843,484656,483601,483016,482614,482232,482064,481474,479988,479217,478685,480014,481216,482427,482950,482861,483329,484183,484841,485124,484680,484318,484236,484021,483931,483644,482562,482111,482026,481553,475601.0,474510.0,474176.0,474153.0,473757.0,472957.0,472662.0,472385.0,472003.0,471596.0
경기도 의정부시 (4115000000),451876,452865,453679,454222,454859,455520,455671,456660,458273,459418,460390,461710,462499,462619,461143,461077,460923,461523,462588,463373,463562,463665,463706,463661,463877,463977,464262,464358,464397,464171,463934,464310,463160,463324,463789,463724,464775.0,464778.0,464909.0,465019.0,464644.0,464213.0,463724.0,463077.0,462466.0,462010.0
경기도 안양시 (4117000000),565352,563066,561966,561069,559792,558017,556561,554857,553286,552154,551296,550027,549730,550939,551136,551189,550750,549903,548960,548491,548074,547258,546753,547178,548654,549827,549826,549724,549917,549659,549457,548938,547968,548372,548398,548228,545478.0,545092.0,544514.0,544083.0,543597.0,544660.0,546078.0,546534.0,546384.0,546182.0
경기도 안양시 만안구 (4117100000),243176,242107,241916,241999,242105,241830,241478,240946,240604,240364,239947,239413,239070,238131,237879,238231,238331,238391,238639,239071,239356,239203,238809,238311,237288,236611,236237,235843,235229,234712,234363,234083,233963,234331,234296,234394,232874.0,232609.0,232258.0,231803.0,231267.0,230664.0,230139.0,229819.0,229483.0,229237.0
경기도 안양시 동안구 (4117300000),322176,320959,320050,319070,317687,316187,315083,313911,312682,311790,311349,310614,310660,312808,313257,312958,312419,311512,310321,309420,308718,308055,307944,308867,311366,313216,313589,313881,314688,314947,315094,314855,314005,314041,314102,313834,312604.0,312483.0,312256.0,312280.0,312330.0,313996.0,315939.0,316715.0,316901.0,316945.0
경기도 부천시 (4119000000),828947,827374,827132,826845,826093,825700,824675,822865,822000,821068,819990,818383,817449,816087,813178,812158,811225,810742,810069,809559,809083,808047,807090,806067,804990,803585,802473,801503,800174,798999,797855,796575,793519,792561,791263,790128,786469.0,785432.0,784273.0,782854.0,781119.0,779968.0,778874.0,777547.0,776349.0,775488.0
경기도 광명시 (4121000000),315920,316125,316220,315745,314413,312774,311119,308678,305836,302761,300092,298599,297748,296785,295750,295690,295742,295852,295560,295335,294895,294458,293763,292893,292214,291331,290698,290756,290726,290501,290351,289887,288933,288366,288182,287945,280986.0,280414.0,280129.0,280270.0,280287.0,280197.0,279943.0,279514.0,279231.0,278983.0
경기도 평택시 (4122000000),514876,517087,519124,520649,522111,523881,525378,527166,529140,531655,534343,537307,540929,544085,544368,546154,548131,549901,551603,554511,557450,559363,561770,564288,565827,567411,568405,569369,570868,572548,573987,575007,575032,576192,577335,578529,587093.0,587611.0,588380.0,589407.0,590185.0,591022.0,591878.0,592120.0,592800.0,593276.0
경기도 동두천시 (4125000000),94719,94452,94231,94191,94097,94143,93985,93968,93901,93915,94199,94353,94443,94318,93351,93289,93292,93354,93447,93414,93479,93508,93528,93592,93527,93395,93346,93260,93189,92999,92840,92744,92084,91980,91735,91546,89316.0,89174.0,89037.0,88820.0,88787.0,88626.0,88539.0,88255.0,87875.0,87725.0
경기도 안산시 (4127000000),650559,651211,652763,653575,654047,654450,654093,653733,653505,653383,654210,654915,655733,655700,655859,655816,655555,655115,654678,654477,654270,654117,653687,652726,652036,651419,651153,650708,649776,648849,648164,647266,645952,644583,643044,641660,635134.0,634284.0,633417.0,632291.0,630651.0,629308.0,628374.0,627497.0,626954.0,626166.0
경기도 안산시 상록구 (4127100000),344245,344685,347334,348512,349230,349514,349189,348898,348635,348265,350342,351888,352897,352962,353508,353702,353575,353174,352898,352166,351800,351747,351387,350668,349973,349515,349670,349566,349083,348620,348345,347832,347348,346589,345535,344664,339020.0,338379.0,337708.0,337035.0,335924.0,334867.0,333879.0,332718.0,332095.0,331470.0
경기도 안산시 단원구 (4127300000),306314,306526,305429,305063,304817,304936,304904,304835,304870,305118,303868,303027,302836,302738,302351,302114,301980,301941,301780,302311,302470,302370,302300,302058,302063,301904,301483,301142,300693,300229,299819,299434,298604,297994,297509,296996,296114.0,295905.0,295709.0,295256.0,294727.0,294441.0,294495.0,294779.0,294859.0,294696.0
경기도 고양시 (4128000000),1068641,1071002,1072909,1074853,1076179,1076996,1077347,1076406,1075841,1076564,1078047,1079216,1081175,1082420,1080845,1080736,1080656,1080507,1081045,1080896,1080787,1080240,1079722,1079353,1078924,1078772,1079065,1079277,1078975,1078559,1078189,1077198,1074705,1074784,1075202,1076535,1077156.0,1076655.0,1076376.0,1075898.0,1075089.0,1074907.0,1073751.0,1072474.0,1071339.0,1071272.0
경기도 고양시 덕양구 (4128100000),467673,469671,471039,472467,473322,473812,474118,473689,473594,474658,476341,476962,478147,479395,479323,479828,480156,480386,481053,481641,481890,481840,482459,482927,483251,483743,484122,484656,484928,485137,485368,485763,485231,486427,487874,490088,496502.0,496607.0,496791.0,496900.0,496631.0,496438.0,495660.0,494844.0,494226.0,493517.0
경기도 고양시 일산동구 (4128500000),298093,298445,298863,299276,299302,299323,299328,299138,298901,298726,298725,299716,300665,300850,300350,300407,300437,300326,300232,299985,299928,299757,299297,298873,298593,298563,299256,299399,299123,299065,298974,298492,297614,297055,296590,296122,292607.0,292300.0,292021.0,291771.0,291587.0,291597.0,291491.0,291427.0,291363.0,292754.0
경기도 고양시 일산서구 (4128700000),302875,302886,303007,303110,303555,303861,303901,303579,303346,303180,302981,302538,302363,302175,301172,300501,300063,299795,299760,299270,298969,298643,297966,297553,297080,296466,295687,295222,294924,294357,293847,292943,291860,291302,290738,290325,288047.0,287748.0,287564.0,287227.0,286871.0,286872.0,286600.0,286203.0,285750.0,285001.0
경기도 과천시 (4129000000),58334,58253,58280,59687,60790,61309,61717,61902,61982,62011,62026,63231,64549,67279,68399,68955,69027,69276,69509,69640,69732,69910,71234,73345,76139,77632,78128,78301,78414,78532,78645,78657,78231,77818,77775,78137,80855.0,81306.0,81332.0,81143.0,81008.0,81000.0,81071.0,81743.0,82860.0,83358.0
경기도 구리시 (4131000000),199015,198921,199099,199018,198883,198461,198212,197889,197974,197781,197608,197454,197217,196685,195804,195324,194838,194389,193954,193662,193410,193014,192461,191948,191660,191322,191213,191011,190647,190379,190323,189960,189231,189008,188876,188701,188224.0,187984.0,187836.0,187620.0,187284.0,187093.0,186846.0,186585.0,186261.0,186148.0
경기도 남양주시 (4136000000),702545,704172,705264,706069,706444,707485,709247,709881,710433,711815,712900,713321,714822,718434,720282,721767,723215,724183,725031,727221,728664,729918,731497,733798,734013,733995,734033,734642,735547,736212,736864,737059,737059,737352,737366,737353,733625.0,733002.0,732376.0,732122.0,732086.0,732265.0,732472.0,732464.0,732810.0,733209.0
경기도 오산시 (4137000000),226736,226900,227112,227550,227749,228111,228323,228768,229249,229424,229591,229725,230042,230522,230604,230769,230702,230705,230657,230555,230395,230403,230165,229983,229973,229909,229918,230028,230011,230165,230181,230142,229797,229821,229833,229849,229255.0,229569.0,229780.0,229730.0,229792.0,229656.0,230108.0,231937.0,232965.0,234591.0
경기도 시흥시 (4139000000),475396,476481,477425,478464,479368,481430,484164,489077,493005,495391,497925,500895,504935,507681,509115,510098,510833,511314,511747,511807,511900,511888,512155,512030,512092,511839,512455,512721,513653,513928,513768,513331,512331,512168,512438,512912,518366.0,518182.0,518174.0,518771.0,519594.0,519715.0,519306.0,518817.0,519109.0,519060.0
경기도 군포시 (4141000000),275989,275857,275960,275954,275902,276039,275995,275508,274985,274620,274309,273791,273542,272533,271392,271007,270754,270584,270293,269752,269507,269215,269086,268535,267941,267294,267173,267493,267659,267712,267672,267651,267032,266735,266531,266213,263841.0,263496.0,263025.0,262587.0,261898.0,261229.0,260693.0,260169.0,259798.0,259595.0
경기도 의왕시 (4143000000),162472,163982,164602,164701,164150,163622,163049,162751,163720,163960,163978,163795,163585,163208,162443,162227,162239,162215,162925,163510,163715,163704,163555,163356,163040,162761,162493,162137,161696,161334,161296,161047,160759,160563,160464,160221,157684.0,157499.0,157994.0,158242.0,159050.0,158870.0,158221.0,157693.0,157141.0,156482.0
경기도 하남시 (4145000000),273587,275384,277431,279621,281340,283256,284507,285693,287452,288922,291075,293452,295122,298005,300187,301801,302681,305908,308390,310365,312159,314866,318126,320087,321043,322697,323442,323558,323675,323790,323674,323472,323853,324674,325310,326059,328577.0,329162.0,329612.0,329559.0,329822.0,329861.0,329688.0,329482.0,329196.0,329456.0
경기도 용인시 (4146000000),1061440,1063650,1065613,1068519,1070987,1073115,1074968,1075659,1075697,1075490,1074790,1074176,1075045,1075918,1075421,1076773,1077701,1077826,1079049,1080325,1080027,1079609,1078604,1077508,1076830,1076339,1075784,1075877,1076530,1077609,1078451,1078751,1077111,1076369,1075570,1074971,1077280.0,1077890.0,1077224.0,1076098.0,1075474.0,1075566.0,1076859.0,1078069.0,1078150.0,1079326.0
경기도 용인시 처인구 (4146100000),253896,253982,254216,254483,255729,256918,257732,258291,258455,258355,258079,257498,257773,258065,258130,259445,260398,260877,261482,262030,261553,261166,260487,260198,259969,260029,259786,260440,261276,261898,262344,262597,261742,260930,259872,259288,263131.0,263923.0,263455.0,262555.0,261813.0,261488.0,261719.0,262954.0,263469.0,265475.0
경기도 용인시 기흥구 (4146300000),437146,437811,438790,439725,440274,440831,441190,441109,440923,440826,440764,440835,440940,440649,440164,439922,439953,439791,440630,441375,441960,442335,442323,441742,441419,441173,440826,440298,439990,439877,439674,439459,438728,438547,438500,438235,436142.0,435967.0,435764.0,435765.0,436101.0,436656.0,437751.0,437677.0,437633.0,437123.0
경기도 용인시 수지구 (4146500000),370398,371857,372607,374311,374984,375366,376046,376259,376319,376309,375947,375843,376332,377204,377127,377406,377350,377158,376937,376920,376514,376108,375794,375568,375442,375137,375172,375139,375264,375834,376433,376695,376641,376892,377198,377448,378007.0,378000.0,378005.0,377778.0,377560.0,377422.0,377389.0,377438.0,377048.0,376728.0
경기도 파주시 (4148000000),453961,453827,454494,455262,455471,456073,456788,459158,461314,463155,464453,465617,466539,467954,468501,470096,471219,472260,473673,476044,477819,479183,481629,483245,484729,485672,486131,486515,486872,487831,488608,490143,492267,493938,494970,495315,496811.0,496878.0,497108.0,497527.0,497775.0,497753.0,499883.0,502453.0,503547.0,504999.0
경기도 이천시 (4150000000),215885,215869,216404,216844,217547,218465,218954,219537,219531,219513,219525,218388,218651,218793,218565,219224,219591,220904,221697,222883,223482,224066,223831,223177,222997,222655,222714,222722,222948,223948,224603,224616,224225,224077,223151,222721,223651.0,223677.0,223581.0,223525.0,222652.0,222098.0,221693.0,221502.0,221366.0,221493.0
경기도 안성시 (4155000000),183369,183444,183751,184211,185018,185305,185544,186104,186460,186695,186853,187012,187232,187488,187540,188038,188704,189060,189298,189641,189747,189732,189559,189534,189510,189535,189539,189772,189969,189988,190160,190126,189648,189475,189146,188842,189364.0,189472.0,189456.0,189322.0,189143.0,189034.0,189406.0,190209.0,190425.0,190853.0
경기도 김포시 (4157000000),437789,439502,443071,445425,447038,449039,451842,458505,463735,467084,469340,473970,477332,479290,480275,481719,482578,483642,484481,485221,485647,485859,486123,486508,486651,486334,485882,485609,485453,485395,484972,484310,483845,484071,484194,484267,486122.0,486029.0,485943.0,486008.0,486126.0,486172.0,486026.0,485689.0,485532.0,485494.0
경기도 화성시 (4159000000),818760,822470,827603,831888,834378,836662,839493,842864,846850,850050,853106,855248,857550,859329,860865,864687,867819,870361,872537,875987,878879,881154,884225,887015,887910,889398,890668,892038,894587,896147,897883,899334,900294,904267,907958,910814,932626.0,934287.0,937189.0,939302.0,941489.0,944342.0,946582.0,948358.0,949912.0,951179.0
경기도 광주시 (4161000000),373274,373867,374913,375561,376753,377525,378723,379480,380291,380821,381324,382054,382578,382835,383052,383794,384306,384714,385000,385808,386301,386496,386573,387289,387563,387646,388213,388893,389483,389876,390246,391131,391460,391722,391704,391462,391791.0,391986.0,391917.0,391760.0,391432.0,391377.0,391866.0,392067.0,392381.0,392858.0
경기도 양주시 (4163000000),222275,222435,223704,224524,225069,226015,227972,229052,229427,230005,230273,230359,231241,233072,234181,234990,235276,235394,235495,235828,236028,236205,236302,236368,236284,236327,236239,236142,236120,237156,237889,238734,239287,239697,241346,243432,260708.0,262328.0,263610.0,265155.0,266446.0,268026.0,269658.0,272378.0,275284.0,276970.0
경기도 포천시 (4165000000),148137,147770,147853,148144,148081,148015,147809,147854,147803,147578,147477,147274,147393,147480,147014,147317,147425,147597,147855,148296,148434,148618,148738,148939,148867,148765,148527,148469,148326,148066,147902,147735,147340,147171,147019,146701,144158.0,143974.0,143880.0,143690.0,143510.0,143323.0,143157.0,142797.0,142542.0,142545.0
경기도 여주시 (4167000000),111017,111008,111083,111198,111234,111341,111400,111438,111512,111605,111636,111897,112044,112129,111903,111913,111939,112177,112203,112289,112151,112260,112199,112150,112353,112469,112393,112410,112558,112639,112731,112800,112850,113027,113096,113150,114005.0,114081.0,114253.0,114344.0,114343.0,114412.0,114336.0,114275.0,114289.0,114372.0
경기도 연천군 (4180000000),43741,43614,43552,43618,43689,43618,43566,43542,43590,43574,43531,43516,43438,43368,43063,43080,43071,43042,42985,42942,42842,42797,42739,42721,42739,42725,42784,42731,42675,42625,42584,42542,42364,42240,42153,42062,41802.0,41711.0,41705.0,41639.0,41588.0,41584.0,41487.0,41342.0,41236.0,41111.0
경기도 가평군 (4182000000),62303,62224,62262,62397,62566,62662,62632,62605,62551,62476,62495,62377,62399,62339,62049,62206,62344,62364,62348,62383,62334,62241,62253,62264,62291,62247,62221,62168,62224,62306,62297,62382,62249,62219,62197,62150,61744.0,61773.0,61976.0,62125.0,62131.0,62302.0,62274.0,62249.0,62245.0,62281.0
경기도 양평군 (4183000000),116910,116902,117025,117301,117456,117701,117931,118372,118433,118609,118778,118810,119022,119371,119260,119505,119826,120012,120419,120954,120997,121188,121154,121230,121300,121364,121726,121789,122046,122355,122671,122914,122630,122613,122463,122323,123428.0,124050.0,124241.0,124822.0,125121.0,125238.0,125381.0,125609.0,125722.0,125981.0
강원도  (4200000000),1540540,1539521,1538577,1537780,1538639,1539282,1540094,1540689,1541104,1541836,1542374,1542840,1541696,1540875,1536399,1536175,1535491,1535530,1536140,1536270,1536765,1537717,1538273,1538492,1538660,1539051,1539036,1539038,1539005,1539064,1539178,1538801,1537396,1537339,1536863,1536498,,,,,,,,,,
강원도 춘천시 (4211000000),281468,281759,281688,281492,281439,281400,281516,281854,282012,282320,282544,282765,282693,283141,282328,282326,282482,282511,282592,282714,283312,283803,284121,284594,284933,285202,285372,285575,285738,285907,286050,286352,286371,286466,286535,286664,,,,,,,,,,
강원도 원주시 (4213000000),350202,350897,351154,351421,351979,352201,352726,352964,353189,353553,353928,354376,354664,354933,354437,354536,354768,354978,355432,355767,356134,356625,357277,357757,358127,358647,358659,358838,359229,359596,359888,360051,360204,360581,360722,360807,,,,,,,,,,
강원도 강릉시 (4215000000),213328,213273,213143,213037,212929,212863,212978,212935,213055,213070,213189,213321,213412,213231,212909,212890,212681,212784,212957,213025,213151,213155,213093,212965,212907,212767,212642,212526,212414,212277,212260,212099,211867,211742,211541,211381,,,,,,,,,,
강원도 동해시 (4217000000),90417,90210,90263,90233,90366,90454,90481,90548,90575,90626,90560,90593,90416,90320,89922,89868,89968,89999,90039,90056,90073,90115,90010,90081,90045,89950,89804,89674,89618,89574,89683,89699,89465,89421,89402,89426,,,,,,,,,,
강원도 태백시 (4219000000),43681,43526,43411,43251,43254,43203,43098,42980,42937,42901,42800,42719,42586,42381,42249,42183,41718,41419,41341,41295,41145,41055,40982,40844,40750,40515,40331,40266,40163,40085,40029,39940,39637,39553,39503,39428,,,,,,,,,,
강원도 속초시 (4221000000),81840,81744,81689,81713,81792,82059,82211,82343,82457,82538,82636,82665,82652,82531,82213,82302,82241,82254,82377,82391,82476,82579,82700,82791,82771,82790,82737,82691,82725,82848,83035,82974,82824,82781,82795,82806,,,,,,,,,,
강원도 삼척시 (4223000000),66806,66478,66088,65887,65834,65753,65698,65708,65639,65544,65409,65243,64946,64680,64393,64355,64188,64073,63952,63825,63864,63833,63682,63429,63458,63730,64264,64296,64216,64165,64046,63760,63753,63687,63607,63455,,,,,,,,,,
강원도 홍천군 (4272000000),68933,68715,68630,68688,68832,68998,69232,69167,69164,69163,69192,69242,69142,69041,68751,68681,68597,68619,68573,68489,68452,68499,68482,68365,68251,68177,68047,67959,67915,67884,67784,67789,67738,67830,67881,67977,,,,,,,,,,
강원도 횡성군 (4273000000),46377,46372,46307,46232,46276,46442,46402,46409,46482,46514,46533,46472,46441,46447,46399,46510,46589,46614,46652,46635,46566,46586,46583,46481,46436,46459,46401,46595,46560,46546,46555,46543,46504,46516,46498,46532,,,,,,,,,,
강원도 영월군 (4275000000),39040,38969,38938,38762,38759,38840,38818,38773,38698,38712,38710,38662,38565,38418,38458,38417,38099,38057,38064,38055,38012,38011,37934,37904,37893,37954,38003,37970,37963,37934,37909,37904,37860,37797,37802,37728,,,,,,,,,,
강원도 평창군 (4276000000),42014,41903,41817,41758,41779,41739,41709,41742,41706,41708,41665,41681,41587,41514,41212,41188,41164,41109,41060,41050,40971,41006,41023,40996,41120,41162,41136,41084,41149,41150,41153,41112,41033,40982,40980,40990,,,,,,,,,,
강원도 정선군 (4277000000),37194,37062,37044,37036,37025,37046,37001,37006,36956,36950,36937,36870,36783,36704,36059,35990,35991,35952,35902,35838,35717,35659,35639,35675,35634,35527,35446,35401,35382,35334,35282,35210,35072,35027,34953,34931,,,,,,,,,,
강원도 철원군 (4278000000),45467,45333,45220,45093,45084,44987,44924,44833,44799,44749,44706,44699,44563,44380,44171,44169,44011,43932,43832,43691,43579,43489,43396,43340,43166,43044,42964,42916,42829,42789,42715,42655,42520,42500,42394,42256,,,,,,,,,,
강원도 화천군 (4279000000),24806,24673,24646,24627,24657,24717,24753,24802,24855,24897,24868,24857,24732,24652,24506,24446,24397,24408,24369,24342,24313,24247,24242,24195,24105,24094,24046,24050,24029,23961,23864,23806,23731,23620,23520,23388,,,,,,,,,,
강원도 양구군 (4280000000),22526,22366,22301,22375,22378,22332,22295,22329,22315,22276,22350,22278,22161,22123,22172,22114,22094,22027,21981,21972,21924,21925,21875,21748,21705,21651,21701,21700,21635,21607,21555,21522,21438,21449,21395,21383,,,,,,,,,,
강원도 인제군 (4281000000),31567,31432,31461,31506,31548,31554,31526,31571,31538,31570,31623,31694,31720,31665,31521,31508,31633,31835,31947,32034,32033,32090,32138,32165,32236,32192,32216,32198,32173,32177,32198,32213,32183,32135,32152,32206,,,,,,,,,,
강원도 고성군 (4282000000),27165,27080,27064,26959,26921,26886,26867,26857,26787,26781,26798,26757,26687,26734,26743,26760,26864,26924,26960,27005,26981,27014,27119,27249,27257,27326,27366,27382,27384,27331,27316,27264,27311,27393,27320,27274,,,,,,,,,,
강원도 양양군 (4283000000),27709,27729,27713,27710,27787,27808,27859,27868,27940,27964,27926,27946,27946,27980,27956,27932,28006,28035,28110,28086,28062,28026,27977,27913,27866,27864,27901,27917,27883,27899,27856,27908,27885,27859,27863,27866,,,,,,,,,,
충청북도  (4300000000),1599391,1598599,1597639,1596613,1596710,1597593,1597936,1598162,1598536,1599102,1599680,1600837,1599658,1599122,1595714,1596303,1596955,1597503,1597501,1597179,1596765,1596948,1597019,1597427,1597097,1597022,1597484,1597284,1597033,1597118,1597163,1596886,1595624,1595578,1595284,1595058,1594240.0,1594337.0,1594326.0,1594211.0,1594038.0,1593469.0,1592155.0,1590947.0,1591044.0,1590854.0
충청북도 청주시 (4311000000),840047,840272,840756,840938,841540,842821,843399,843782,844110,844486,844815,844993,845710,846204,845025,845534,846291,847392,847642,847965,848711,848878,849024,848482,848797,849029,848875,848795,848727,849003,849083,849290,849100,849207,849388,849573,850787.0,851653.0,852018.0,852448.0,852579.0,852189.0,851951.0,851715.0,851430.0,851790.0
충청북도 청주시 상당구 (4311100000),179626,180277,181403,182086,182516,184165,185256,185904,187003,189105,189727,190034,191363,193027,193300,193472,193673,193737,193640,193628,193680,193772,194013,193827,194105,194558,194484,194292,194117,194043,194168,194267,195041,195507,195650,196425,198390.0,199909.0,200330.0,200472.0,200484.0,200575.0,200726.0,200645.0,200448.0,200035.0
충청북도 청주시 서원구 (4311200000),202513,201704,200775,200275,199866,198950,198543,198128,197483,196472,195804,194720,194154,193371,192804,193334,193630,193472,193127,193176,193192,192953,192748,192899,192993,193031,192916,192817,192674,192503,192235,192171,191803,191661,191622,191273,188153.0,187160.0,186752.0,186595.0,186553.0,186302.0,186023.0,185733.0,185582.0,185077.0
충청북도 청주시 흥덕구 (4311300000),262504,263132,263844,264170,264709,265681,265720,265825,265838,265320,265311,265866,266196,266080,265571,265263,265316,266518,267095,267280,267592,267811,267725,267429,267504,267343,267299,267294,267488,268176,268431,268614,268260,268073,268080,268051,271669.0,272989.0,273600.0,274246.0,274583.0,274594.0,274643.0,274899.0,275085.0,276761.0
충청북도 청주시 청원구 (4311400000),195404,195159,194734,194407,194449,194025,193880,193925,193786,193589,193973,194373,193997,193726,193350,193465,193672,193665,193780,193881,194247,194342,194538,194327,194195,194097,194176,194392,194448,194281,194249,194238,193996,193966,194036,193824,192575.0,191595.0,191336.0,191135.0,190959.0,190718.0,190559.0,190438.0,190315.0,189917.0
충청북도 충주시 (4313000000),210806,210643,210423,210188,210190,210173,210228,210304,210299,210246,210313,210186,210139,210058,209443,209434,209483,209638,209602,209546,209438,209499,209484,209358,209368,209159,208946,208865,208744,208728,208725,208604,208487,208415,208346,208277,207950.0,207998.0,207943.0,207892.0,207839.0,207778.0,207761.0,207668.0,207550.0,207568.0
충청북도 제천시 (4315000000),134359,134171,133839,133638,133513,133395,133277,133170,133246,133203,133115,133018,132759,132506,132542,132643,132659,132313,132269,132090,131879,131902,131810,131591,131407,131498,132416,132243,132131,131969,131816,131693,131356,131360,131216,130988,131117.0,130858.0,130751.0,130645.0,130508.0,130194.0,129852.0,129541.0,130200.0,129900.0
충청북도 보은군 (4372000000),32899,32840,32760,32699,32653,32578,32522,32522,32522,32476,32456,32412,32364,32371,32206,32211,32180,32096,32062,32004,31893,31863,31862,31878,31871,31812,31800,31792,31807,31798,31770,31714,31587,31524,31491,31455,31241.0,31168.0,31126.0,31073.0,31063.0,31010.0,30950.0,30906.0,30884.0,30826.0
충청북도 옥천군 (4373000000),50987,50903,50791,50778,50802,50802,50768,50792,50745,50696,50619,50527,50468,50474,50337,50341,50320,50282,50312,50287,50215,50194,50184,50093,50020,49959,49887,49934,49919,49914,49934,49853,49650,49591,49547,49520,49207.0,49164.0,49137.0,49011.0,48968.0,48891.0,48863.0,48778.0,48754.0,48673.0
충청북도 영동군 (4374000000),48523,48364,48174,47963,47832,47736,47702,47706,47679,47603,47561,47475,47230,47023,46577,46497,46442,46316,46261,46139,45976,45938,45874,45773,45692,45548,45536,45509,45457,45345,45321,45281,45217,45126,45044,44956,44601.0,44436.0,44424.0,44353.0,44267.0,44195.0,44120.0,44004.0,43975.0,43909.0
충청북도 증평군 (4374500000),37424,37419,37341,37320,37302,37178,37166,37136,37122,37011,36960,36807,36807,36685,36536,36532,36536,36499,36470,36406,36388,36371,36351,36426,36583,36729,36822,36916,37003,37024,37112,37184,37213,37247,37273,37262,37410.0,37407.0,37427.0,37435.0,37444.0,37484.0,37499.0,37465.0,37400.0,37387.0
충청북도 진천군 (4375000000),81225,81301,81404,81483,81584,81742,81865,81949,82362,83090,83621,83718,83849,84116,84118,84437,84623,84746,84845,84904,84917,85051,85104,85176,85458,85557,85596,85625,85671,85817,85914,85921,85947,86082,86120,86147,85803.0,85754.0,85758.0,85751.0,85902.0,86254.0,86065.0,85958.0,86370.0,86626.0
충청북도 괴산군 (4376000000),38451,38185,37896,37694,37566,37493,37357,37354,37368,37447,37671,39393,38338,38009,37688,37567,37442,37337,37229,37101,36880,36843,36887,38122,37525,37405,37323,37301,37323,37262,37163,37110,37005,37031,37018,37055,36711.0,36625.0,36570.0,36527.0,36545.0,36590.0,36438.0,36381.0,36319.0,36264.0
충청북도 음성군 (4377000000),95006,94909,94709,94461,94336,94288,94315,94179,93813,93579,93310,93153,92945,92733,92407,92349,92213,92232,92231,92224,92027,92004,92086,92197,92113,92171,92155,92175,92186,92240,92311,92277,92199,92133,92035,92058,91698.0,91546.0,91425.0,91339.0,91227.0,91183.0,90976.0,90876.0,90542.0,90283.0
충청북도 단양군 (4380000000),29664,29592,29546,29451,29392,29387,29337,29268,29270,29265,29239,29155,29049,28943,28835,28758,28766,28652,28578,28513,28441,28405,28353,28331,28263,28155,28128,28129,28065,28018,28014,27959,27863,27862,27806,27767,27715.0,27728.0,27747.0,27737.0,27696.0,27701.0,27680.0,27655.0,27620.0,27628.0
충청남도  (4400000000),2122455,2120995,2119749,2118457,2118510,2119771,2120692,2120519,2120559,2120347,2120607,2121029,2119837,2119542,2115823,2116452,2117260,2117400,2118205,2118183,2118098,2118977,2119529,2119257,2118638,2118912,2119099,2119296,2119661,2120201,2121011,2121082,2120269,2121333,2122357,2123037,2126640.0,2127077.0,2127630.0,2128563.0,2129591.0,2130119.0,2130509.0,2131309.0,2132745.0,2133828.0
충청남도 천안시 (4413000000),652845,653816,654259,654251,655192,657514,658280,658212,658670,658911,658977,658808,658488,658295,657549,657410,657775,657503,657584,657250,657703,658107,658465,658486,658150,656925,656702,657080,657241,657214,657418,657612,657210,657701,657821,657559,658694.0,657839.0,657594.0,657326.0,656583.0,655959.0,655791.0,656478.0,657089.0,657633.0
충청남도 천안시 동남구 (4413100000),259416,259558,259474,259211,258857,258996,259219,258942,258685,258556,258269,258009,257683,257397,256931,256797,256482,256047,255891,255532,255494,255504,255471,255292,255273,255083,254934,254867,255332,255635,255838,255997,255655,255724,255640,255647,257902.0,257591.0,257373.0,257234.0,256942.0,256691.0,257698.0,259111.0,259709.0,260094.0
충청남도 천안시 서북구 (4413300000),393429,394258,394785,395040,396335,398518,399061,399270,399985,400355,400708,400799,400805,400898,400618,400613,401293,401456,401693,401718,402209,402603,402994,403194,402877,401842,401768,402213,401909,401579,401580,401615,401555,401977,402181,401912,400792.0,400248.0,400221.0,400092.0,399641.0,399268.0,398093.0,397367.0,397380.0,397539.0
충청남도 공주시 (4415000000),106294,106098,105895,105743,105611,105440,105396,105353,105192,104972,104736,104545,104442,104319,103839,103782,103752,103640,103572,103386,103329,103321,103301,103145,103021,102960,103214,103174,103090,102997,102922,102917,102848,102768,102651,102571,102692.0,102537.0,102453.0,102295.0,102184.0,102104.0,101906.0,101772.0,102138.0,102098.0
충청남도 보령시 (4418000000),100908,100836,100787,100646,100602,100647,100601,100538,100415,100336,100249,100229,99964,99673,99234,99137,99048,98993,98922,98726,98620,98535,98438,98408,98142,97967,97959,97932,97842,97779,97704,97532,97402,97268,97188,97157,96486.0,96334.0,96171.0,96068.0,95925.0,95772.0,95564.0,95260.0,94994.0,94887.0
충청남도 아산시 (4420000000),314238,313875,313733,313757,313761,313054,313319,313871,314282,314552,315279,316129,316740,317626,317933,318699,319225,320340,321170,322158,322893,323789,324552,324580,325412,327717,328576,329043,329684,330516,331190,331806,332361,332790,333602,334539,337876.0,339517.0,340566.0,341953.0,343978.0,345796.0,347243.0,348532.0,349588.0,350535.0
충청남도 서산시 (4421000000),174663,174596,174629,174645,174801,174884,175124,175272,175330,175426,175487,175591,175543,175623,175650,175817,176031,176090,176205,176360,176491,176595,176610,176645,176630,176559,176452,176435,176407,176416,176477,176512,176291,176312,176440,176413,176162.0,176125.0,176051.0,176052.0,176079.0,176011.0,175894.0,175750.0,175650.0,175646.0
충청남도 논산시 (4423000000),118781,118513,118266,118032,117812,117696,117520,117340,117226,117030,116888,116675,116587,116315,115573,115520,115431,115305,115239,115155,114942,114769,114662,114483,114430,114340,114043,113871,113659,113552,113473,113323,113018,112939,112842,112617,111407.0,111110.0,110976.0,110833.0,110704.0,110423.0,110336.0,110051.0,109865.0,109766.0
충청남도 계룡시 (4425000000),42735,42648,42663,42757,42696,42803,42772,42802,42811,42767,42848,42822,42809,43128,43182,43235,43242,43168,43209,43279,43191,43093,43105,43331,43338,43473,43419,43475,43509,43547,43499,43397,43843,44155,44328,44475,45690.0,46109.0,46287.0,46478.0,46632.0,46667.0,46716.0,46800.0,46724.0,46712.0
충청남도 당진시 (4427000000),166815,166551,166253,166136,166098,166084,166057,166067,165991,166073,166145,166249,166189,166218,166186,166333,166491,166754,166937,166805,166714,166802,166989,167092,167050,166894,166971,166893,166928,167092,167397,167479,167553,167755,167955,168253,169427.0,169579.0,169784.0,170097.0,170250.0,170302.0,170353.0,170289.0,170266.0,170279.0
충청남도 금산군 (4471000000),52120,51969,51904,51781,51746,51665,51696,51641,51563,51476,51443,51413,51262,51227,50953,50950,50932,50890,50826,50783,50629,50597,50562,50477,50335,50351,50290,50277,50245,50211,50224,50176,50111,50088,50092,50092,50285.0,50255.0,50195.0,50150.0,50120.0,50093.0,50025.0,49948.0,50129.0,50069.0
충청남도 부여군 (4476000000),66676,66548,66353,66214,66086,65919,65844,65723,65613,65528,65431,65354,65202,65039,64626,64527,64426,64361,64336,64220,64036,63923,63891,63774,63599,63488,63324,63260,63171,63129,63047,62894,62642,62523,62435,62343,61583.0,61414.0,61345.0,61252.0,61165.0,61046.0,60869.0,60731.0,60561.0,60408.0
충청남도 서천군 (4477000000),52702,52582,52494,52374,52247,52209,52223,52137,52026,51933,51926,51866,51742,51657,51361,51289,51274,51153,51072,51036,50968,50884,50798,50745,50703,50644,50597,50503,50439,50411,50373,50296,50139,50057,50009,49964,49477.0,49385.0,49314.0,49242.0,49149.0,49116.0,49037.0,48947.0,48901.0,48846.0
충청남도 청양군 (4479000000),31577,31385,31245,31139,31034,30994,30950,30863,30797,30823,30816,30948,30840,30750,30625,30658,30590,30548,30493,30429,30359,30399,30390,30440,30396,30390,30547,30532,30507,30442,30392,30335,30245,30278,30270,30266,30157.0,30117.0,30069.0,30077.0,30135.0,30168.0,30013.0,30012.0,30023.0,29971.0
충청남도 홍성군 (4480000000),100347,100245,100063,99973,100013,99980,100020,99984,99909,99844,99890,100102,99850,99753,99756,99755,99757,99440,99425,99465,99399,99407,99336,99324,99267,99264,99125,99025,98833,98767,98705,98597,98337,98099,98053,98068,96849.0,97062.0,97228.0,97345.0,97477.0,97524.0,97721.0,97946.0,98349.0,98317.0
충청남도 예산군 (4481000000),79126,78915,78881,78726,78618,78610,78609,78420,78370,78286,78146,78084,78129,78048,77585,77538,77468,77348,77284,77241,77016,76974,76830,76801,76703,76540,76443,76385,76619,76647,76643,76651,76808,77206,77329,77385,78832.0,78744.0,78664.0,78529.0,78404.0,78354.0,78310.0,78177.0,77960.0,78183.0
충청남도 태안군 (4482500000),62628,62418,62324,62283,62193,62272,62281,62296,62364,62390,62346,62214,62050,61871,61771,61802,61818,61867,61931,61890,61808,61782,61600,61526,61462,61400,61437,61411,61487,61481,61547,61555,61461,61394,61342,61335,61023.0,60950.0,60933.0,60866.0,60806.0,60784.0,60731.0,60616.0,60508.0,60478.0
전라북도  (4500000000),1817302,1815112,1812936,1811619,1810097,1808802,1808044,1807094,1806441,1805937,1805204,1804104,1802748,1801319,1797450,1796331,1794682,1794345,1793902,1792476,1791110,1789770,1788616,1786855,1785392,1783923,1782205,1780824,1779230,1778279,1776949,1775664,1772596,1771776,1770839,1769607,1761169.0,1759815.0,1758661.0,1757295.0,1756183.0,1754757.0,,,,
전라북도 전주시 (4511000000),654963,655447,655519,655713,655607,655472,655784,656149,656688,657185,657745,657432,657661,657998,657064,656755,656934,657428,657664,657577,658235,658216,657930,657269,656766,656331,655879,655601,654749,654521,653964,653581,652876,652695,652458,651495,645600.0,644909.0,644389.0,643920.0,643431.0,642727.0,,,,
전라북도 전주시 완산구 (4511100000),338977,339281,339291,338965,338482,338697,339317,339695,339975,339877,339973,339718,339406,339227,338363,338010,337822,337968,337946,337747,337671,337186,336540,335804,335292,334790,334531,334286,333703,334166,334468,334515,334252,333820,333221,332573,329241.0,328772.0,328331.0,327987.0,327654.0,327178.0,,,,
전라북도 전주시 덕진구 (4511300000),315986,316166,316228,316748,317125,316775,316467,316454,316713,317308,317772,317714,318255,318771,318701,318745,319112,319460,319718,319830,320564,321030,321390,321465,321474,321541,321348,321315,321046,320355,319496,319066,318624,318875,319237,318922,316359.0,316137.0,316058.0,315933.0,315777.0,315549.0,,,,
전라북도 군산시 (4513000000),269779,269201,268766,268667,268558,268356,268243,267982,268025,267987,267911,267859,267798,267612,266959,266878,266345,266389,266226,266026,265770,265504,265452,265304,265160,264949,264656,264358,264030,263897,263709,263500,262937,262819,262635,262467,260773.0,260675.0,260627.0,260407.0,260330.0,259980.0,,,,
전라북도 익산시 (4514000000),286997,286096,285431,285255,284746,284217,283853,283496,283064,282847,282582,282276,281539,280847,280585,280399,280152,280072,279836,279517,279207,278798,278496,278113,277664,277444,277151,276666,276376,276140,275719,275254,274525,274317,274117,273697,271394.0,270993.0,270758.0,270546.0,270261.0,270036.0,,,,
전라북도 정읍시 (4518000000),110310,110120,109951,109763,109646,109503,109355,109167,108963,108861,108681,108508,108470,108344,107710,107555,107489,107422,107349,107169,106951,106814,106634,106487,106534,106403,106187,105982,105884,105812,105702,105590,105356,105282,105176,105081,104220.0,104088.0,103984.0,103755.0,103632.0,103620.0,,,,
전라북도 남원시 (4519000000),81439,81358,81257,81170,81067,81051,81028,81062,80905,80863,80784,80662,80570,80375,80227,80196,80086,80032,80027,79933,79673,79649,79581,79431,79308,79099,79015,78967,78787,78781,78626,78474,78272,78165,78081,77948,77248.0,77135.0,77021.0,76972.0,76884.0,76781.0,,,,
전라북도 김제시 (4521000000),83803,83595,83570,83391,83384,83327,83177,83061,82914,82786,82623,82450,82326,82193,82079,82031,81593,81462,81406,81347,81177,81106,81012,80913,80933,80869,80806,80782,80836,80861,80882,81162,81158,81205,81357,81455,81833.0,81711.0,81644.0,81578.0,81502.0,81430.0,,,,
전라북도 완주군 (4571000000),92171,92201,92135,91976,91835,91841,91828,91741,91806,91553,91445,91609,91450,91422,91127,91127,91126,91024,91197,91223,91146,91093,91137,91142,91060,91072,91041,91015,91079,91134,91545,91719,91663,91711,91776,92422,96338.0,96887.0,97115.0,97304.0,97605.0,97827.0,,,,
전라북도 진안군 (4572000000),25681,25652,25621,25548,25514,25509,25477,25466,25444,25411,25351,25394,25344,25302,25252,25244,25233,25181,25113,25063,24985,24941,24974,24987,24957,24974,24961,24963,24955,24898,24823,24771,24701,24652,24598,24550,24625.0,24601.0,24544.0,24532.0,24473.0,24465.0,,,,
전라북도 무주군 (4573000000),24271,24230,24178,24127,24089,24042,24014,24024,24032,24034,24031,24036,24046,23990,23940,23912,23917,23875,23849,23834,23764,23769,23770,23748,23735,23744,23745,23745,23747,23711,23693,23645,23577,23540,23510,23489,23394.0,23370.0,23345.0,23314.0,23298.0,23251.0,,,,
전라북도 장수군 (4574000000),22382,22285,22277,22277,22230,22240,22205,22159,22149,22140,22099,22085,22081,22035,21946,21910,21902,21880,21854,21811,21755,21731,21723,21695,21683,21644,21645,21624,21626,21580,21536,21497,21464,21425,21358,21336,21081.0,21084.0,21067.0,21036.0,21009.0,20983.0,,,,
전라북도 임실군 (4575000000),28446,28253,28073,27895,27807,27783,27706,27663,27566,27508,27424,27314,27248,27179,27044,27038,27019,27009,26952,26873,26755,26717,26665,26730,26686,26705,26664,26732,26807,26678,26580,26534,26490,26498,26442,26508,26209.0,26140.0,26080.0,26053.0,25999.0,25956.0,,,,
전라북도 순창군 (4577000000),28311,28260,28155,28124,28040,28018,28016,27942,27871,27857,27805,27810,27665,27624,27474,27378,27321,27283,27219,27120,27033,26980,26922,26855,26768,26730,26689,26721,26786,26799,26791,26743,26690,26707,26707,26727,26812.0,26760.0,26760.0,26751.0,26750.0,26764.0,,,,
전라북도 고창군 (4579000000),55604,55425,55190,55021,54950,54858,54811,54727,54656,54588,54486,54529,54512,54435,54243,54222,54018,53869,53826,53739,53606,53534,53468,53386,53366,53269,53151,53112,53041,52981,52928,52836,52630,52543,52451,52338,51915.0,51836.0,51782.0,51737.0,51754.0,51750.0,,,,
전라북도 부안군 (4580000000),53145,52989,52813,52692,52624,52585,52547,52455,52358,52317,52237,52140,52038,51963,51800,51686,51547,51419,51384,51244,51053,50918,50852,50795,50772,50690,50615,50556,50527,50486,50451,50358,50257,50217,50173,50094,49727.0,49626.0,49545.0,49390.0,49255.0,49187.0,,,,
전라남도  (4600000000),1864712,1861894,1859290,1857083,1855945,1854618,1853339,1851985,1851124,1850680,1850557,1851549,1850575,1849795,1844811,1844148,1842423,1840921,1839698,1838353,1835690,1834653,1833864,1832803,1832604,1831451,1829501,1828550,1827674,1826440,1825534,1824104,1820458,1819157,1818484,1817697,1810071.0,1808339.0,1807295.0,1805823.0,1804875.0,1804217.0,1802672.0,1800352.0,1798435.0,1797199.0
전라남도 목포시 (4611000000),229744,229235,229009,228916,228587,228231,228198,226875,225684,225278,224973,224044,223362,222809,221463,221156,221020,220794,220379,219944,219552,219150,218785,218589,218700,218605,218241,218024,217912,217604,217470,217257,216909,216994,217041,216939,214858.0,214580.0,214534.0,214448.0,214294.0,214156.0,213983.0,213659.0,213376.0,213172.0
전라남도 여수시 (4613000000),282356,282062,281794,281604,281250,281121,280925,280603,280545,280584,280549,280242,280497,280213,279844,279613,278999,278481,278123,277752,277356,277008,276747,276762,276957,276544,276145,275812,275618,275544,275489,275642,275197,275011,274914,274765,272826.0,272503.0,272375.0,272151.0,271949.0,271696.0,271413.0,271098.0,270786.0,270634.0
전라남도 순천시 (4615000000),281014,281347,281873,281349,280795,281054,281366,281999,282200,282676,282618,282189,282618,282336,282104,282069,281745,281816,281883,281878,281977,281787,281587,281436,280699,280607,280719,280478,280386,280195,279980,279593,279222,279069,278809,278737,278810.0,278807.0,278587.0,278402.0,278259.0,278137.0,277950.0,277646.0,277539.0,277342.0
전라남도 나주시 (4617000000),114671,114618,114516,114380,114469,114448,114369,114392,114522,114931,115153,115613,115855,116348,116113,116332,116486,116513,116636,116670,116668,116711,116701,116726,116601,116749,116497,116398,116391,116284,116143,116049,115818,115762,116205,116456,117060.0,117142.0,117133.0,117179.0,117238.0,117377.0,117262.0,117288.0,117103.0,117043.0
전라남도 광양시 (4623000000),153335,152304,151372,151751,152576,152016,151662,151122,150848,150461,150680,151769,151045,151016,150779,150701,150660,150591,150699,150643,150121,150154,150493,150531,151796,151637,151410,151460,151527,151669,151825,152102,152082,152145,152184,152168,152108.0,152007.0,152160.0,152327.0,152452.0,152666.0,152853.0,152818.0,152779.0,152770.0
전라남도 담양군 (4671000000),46443,46367,46265,46122,46077,46045,46040,45980,45938,45903,45936,46280,46475,46545,46541,46624,46650,46522,46421,46314,46178,46198,46184,46180,46144,46216,46208,46169,46178,46159,46114,46018,45843,45776,45750,45792,45554.0,45474.0,45445.0,45386.0,45308.0,45373.0,45272.0,45165.0,45059.0,45007.0
전라남도 곡성군 (4672000000),28773,28696,28569,28455,28386,28340,28254,28226,28173,28106,28036,28039,27982,27952,27888,27916,27962,27916,27835,27754,27655,27616,27581,27535,27508,27475,27432,27466,27443,27396,27348,27283,27158,27114,27085,27060,27036.0,26964.0,26957.0,26893.0,26920.0,26905.0,26844.0,26803.0,26768.0,26769.0
전라남도 구례군 (4673000000),26214,26086,25976,25895,25851,25826,25766,25696,25650,25578,25577,25719,25573,25505,25437,25400,25287,25255,25181,25161,25095,25121,25175,25235,25173,25149,25130,25186,25140,25011,24953,24884,24798,24761,24711,24655,24433.0,24419.0,24385.0,24359.0,24354.0,24314.0,24277.0,24270.0,24196.0,24165.0
전라남도 고흥군 (4677000000),64851,64728,64581,64407,64336,64336,64273,64198,64085,64038,64013,63922,63869,63814,63572,63508,63434,63374,63239,63124,62965,62930,62833,62762,62631,62606,62527,62530,62513,62442,62387,62293,62177,62048,62007,61880,61436.0,61353.0,61328.0,61242.0,61169.0,61113.0,61057.0,60933.0,60871.0,60832.0
전라남도 보성군 (4678000000),41398,41329,41232,41135,41016,40939,40826,40754,40689,40611,40494,40482,40430,40305,40169,40179,39891,39838,39790,39734,39592,39564,39478,39375,39292,39251,39200,39183,39084,39031,38942,38834,38683,38614,38549,38471,38003.0,37967.0,37886.0,37785.0,37749.0,37686.0,37619.0,37562.0,37520.0,37483.0
전라남도 화순군 (4679000000),62642,62529,62493,62510,62554,62654,62662,62649,62655,62562,62506,62522,62455,62478,62289,62310,62225,62153,62131,62439,62567,62598,62618,62624,62584,62650,62643,62601,62587,62402,62315,62207,62086,62085,62058,62024,61559.0,61506.0,61393.0,61310.0,61331.0,61254.0,61177.0,61088.0,60966.0,60946.0
전라남도 장흥군 (4680000000),38489,38400,38333,38225,38146,38071,37998,37909,37839,37823,37819,37800,37689,37528,37266,37177,37095,37028,36963,36876,36742,36701,36622,36547,36514,36405,36298,36236,36181,36147,36102,35999,35856,35797,35726,35650,35301.0,35201.0,35165.0,35119.0,35107.0,35046.0,34950.0,34877.0,34810.0,34729.0
전라남도 강진군 (4681000000),35226,35163,35161,35054,34977,34913,34858,34809,34749,34724,34670,34597,34568,34487,34327,34314,34275,34248,34194,34099,33961,33860,33793,33753,33664,33620,33534,33503,33461,33428,33397,33314,33243,33223,33169,33177,32968.0,32897.0,32844.0,32748.0,32737.0,32722.0,32718.0,32651.0,32602.0,32587.0
전라남도 해남군 (4682000000),70212,70018,69804,69649,69588,69465,69399,69274,69153,69118,68966,68806,68736,68589,68291,68229,68153,68055,67917,67797,67576,67425,67328,67166,67099,67071,66961,66855,66722,66629,66523,66336,66129,66001,65917,65831,65133.0,65004.0,64909.0,64735.0,64658.0,64575.0,64444.0,64246.0,64096.0,64016.0
전라남도 영암군 (4683000000),54484,54383,54335,54229,54224,54266,54223,54045,53998,53869,53752,53699,53687,53652,53469,53437,53370,53290,53236,53108,53020,53000,52964,52937,53022,52946,52970,53103,53108,53052,52976,52898,52679,52555,52513,52395,52493.0,52466.0,52454.0,52404.0,52293.0,52350.0,52331.0,52180.0,52129.0,52050.0
전라남도 무안군 (4684000000),81144,81322,81409,81412,81565,81620,81522,83006,84433,84944,85245,86132,86940,87570,87870,88075,88339,88660,89184,89675,90086,90488,90973,91107,91102,91013,90874,90876,90882,91078,91158,91097,90904,90784,90757,90608,90505.0,90455.0,90449.0,90410.0,90370.0,90296.0,90338.0,90130.0,90097.0,90156.0
전라남도 함평군 (4686000000),32785,32735,32630,32519,32433,32360,32307,32238,32209,32192,32112,32050,31992,31899,31711,31653,31629,31526,31444,31418,31375,31379,31343,31274,31157,31126,31167,31090,31076,31000,30977,30952,30923,30875,30848,30784,30730.0,30682.0,30633.0,30604.0,30610.0,30601.0,30523.0,30466.0,30405.0,30393.0
전라남도 영광군 (4687000000),53835,53694,53625,53539,53512,53475,53440,53365,53308,53226,53183,53099,53048,52944,52663,52587,52571,52487,52407,52288,52119,52113,52024,51985,52045,51980,51947,51973,52033,52127,52292,52348,52204,52202,52169,52197,52163.0,52058.0,52010.0,51926.0,51840.0,51750.0,51670.0,51609.0,51552.0,51492.0
전라남도 장성군 (4688000000),45625,45595,45412,45325,45222,45203,45126,44921,44810,44620,44543,44464,44330,44432,44129,44078,44029,43915,43808,43715,43575,43553,43518,43365,43343,43356,43241,43239,43190,43182,43231,43233,43134,43118,43046,43146,42720.0,42665.0,42620.0,42518.0,42477.0,42543.0,42479.0,42496.0,42449.0,42389.0
전라남도 완도군 (4689000000),50630,50560,50431,50351,50245,50192,50210,50153,50065,50042,49975,49916,49811,49757,49673,49604,49458,49404,49308,49171,48990,48861,48770,48631,48481,48415,48329,48314,48197,48079,48013,47955,47830,47754,47634,47597,47068.0,46967.0,46874.0,46805.0,46726.0,46641.0,46530.0,46399.0,46291.0,46226.0
전라남도 진도군 (4690000000),30685,30601,30564,30511,30494,30461,30425,30385,30300,30233,30748,31227,30845,30709,30494,30445,30421,30368,30306,30242,30129,30110,30104,30066,29996,29969,29915,29914,29888,29816,29729,29686,29602,29559,29543,29507,29183.0,29096.0,29044.0,28998.0,28991.0,28979.0,28938.0,28880.0,28860.0,28807.0
전라남도 신안군 (4691000000),40156,40122,39906,39745,39642,39582,39490,39386,39271,39161,39009,38938,38768,38907,38719,38741,38724,38687,38614,38551,38391,38326,38243,38217,38096,38061,38113,38140,38157,38165,38170,38124,37981,37910,37849,37858,38124.0,38126.0,38110.0,38074.0,38043.0,38037.0,38044.0,38088.0,38181.0,38191.0
경상북도  (4700000000),2662508,2658956,2653418,2651054,2648760,2646493,2644001,2640932,2640003,2639763,2639245,2639422,2637639,2636747,2635563,2635896,2633592,2632401,2631649,2630254,2628344,2627925,2627468,2626609,2624310,2622026,2619641,2617552,2616177,2613963,2612016,2609356,2605066,2603389,2602052,2600492,2564065.0,2561623.0,2559924.0,2558085.0,2556262.0,2554324.0,2551370.0,2548440.0,2546960.0,2546120.0
경상북도 포항시 (4711000000),506494,506162,505479,505209,504829,504461,504230,503883,503731,503456,503139,502916,502736,503051,503786,504103,503580,503634,503489,503344,503146,503179,503388,503852,503404,502704,501691,500947,500324,499854,499363,498597,497900,497546,497197,496650,493561.0,493261.0,493102.0,492941.0,492936.0,493033.0,492949.0,492663.0,492342.0,492574.0
경상북도 포항시 남구 (4711100000),235006,233846,233066,232620,232216,231837,231533,231180,230967,230800,230573,230422,230381,230712,231019,231264,231084,230984,230940,230550,230351,230407,230644,230801,230563,230268,229821,229471,229188,229100,228944,228610,228242,228001,227770,227486,226791.0,226685.0,226578.0,226500.0,226357.0,226278.0,226165.0,226082.0,225520.0,224378.0
경상북도 포항시 북구 (4711300000),271488,272316,272413,272589,272613,272624,272697,272703,272764,272656,272566,272494,272355,272339,272767,272839,272496,272650,272549,272794,272795,272772,272744,273051,272841,272436,271870,271476,271136,270754,270419,269987,269658,269545,269427,269164,266770.0,266576.0,266524.0,266441.0,266579.0,266755.0,266784.0,266581.0,266822.0,268196.0
경상북도 경주시 (4713000000),255253,254853,254441,254225,254035,253758,253674,253460,253396,253282,253468,253502,253475,253579,252911,252869,252830,252602,252438,252344,252444,252403,252162,251889,251627,251505,251154,251133,251021,250857,250743,250453,250108,249928,249845,249607,248453.0,248335.0,248244.0,248058.0,247762.0,247489.0,247124.0,246708.0,246371.0,246081.0
경상북도 김천시 (4715000000),140991,140863,140609,140418,140384,140651,140627,140511,140468,140413,140547,140548,140511,140560,140720,140665,140629,140293,140219,140130,140061,140149,140120,140239,140144,140039,140078,140065,140023,139906,139851,139710,139573,139477,139396,139324,138495.0,138222.0,138059.0,137958.0,137837.0,137515.0,137247.0,136923.0,136769.0,136658.0
경상북도 안동시 (4717000000),159844,159645,159338,159035,158820,158526,158765,158867,158929,158834,158803,158907,158675,158493,158240,158210,157882,157805,157690,157534,157401,157317,157177,156972,156729,156533,156182,156023,156006,155904,155725,155451,155182,155020,154860,154610,153555.0,153436.0,153306.0,153241.0,153121.0,152935.0,152751.0,152657.0,152733.0,152981.0
경상북도 구미시 (4719000000),419761,419296,418436,418205,418007,417480,417098,416551,416626,416722,416279,416328,415949,415409,414953,414730,414525,414284,414207,413813,413594,413366,413164,412581,412345,411476,410412,409935,409679,409555,409091,408619,408179,407993,407880,408110,406532.0,406258.0,406053.0,405755.0,405455.0,405506.0,405518.0,405333.0,405189.0,404966.0
경상북도 영주시 (4721000000),104985,104795,104557,104418,104236,104003,103862,103652,103503,103386,103272,103119,103043,102917,102738,102703,102506,102440,102377,102258,102065,101929,101895,101942,101879,101786,101599,101512,101421,101370,101332,101192,100997,100901,100823,100749,100363.0,100196.0,100011.0,100208.0,100216.0,100199.0,100100.0,99966.0,100072.0,99960.0
경상북도 영천시 (4723000000),102163,101967,101630,101828,101758,101601,101515,101523,101693,101840,101904,102015,101799,102024,102383,102529,102194,102099,101856,101881,101670,101681,101703,101888,101634,101513,101552,101492,101391,101285,101222,101200,101131,101181,101051,101088,100689.0,100526.0,100416.0,100253.0,100291.0,100212.0,100110.0,100206.0,100195.0,100146.0
경상북도 상주시 (4725000000),99814,99438,98967,98644,98435,98201,98038,97875,97689,97633,97483,97228,97159,96942,96855,96793,96337,96273,96160,96019,95788,95677,95701,95566,95615,95849,95771,95695,95501,95490,95394,95305,95108,95026,94931,94823,94386.0,94254.0,94168.0,93980.0,93896.0,93858.0,93645.0,93441.0,93418.0,93212.0
경상북도 문경시 (4728000000),71889,71778,71527,71382,71282,71683,71417,71258,71250,71318,71213,71406,70919,71030,71924,71800,71591,71409,71242,71045,71096,71223,71159,71154,70935,71106,72283,72212,72390,72065,71752,71481,71003,70847,70645,70373,69410.0,69242.0,69171.0,69052.0,68914.0,68755.0,68529.0,68369.0,68232.0,68205.0
경상북도 경산시 (4729000000),263229,263075,263285,263375,263286,263034,262537,262300,262311,262566,262988,263728,264150,264279,264023,264722,265888,266747,267453,267935,268331,268431,268455,268369,268157,268087,267844,267583,267579,267423,267607,268138,267891,267710,267763,267725,267246.0,267144.0,267076.0,266843.0,266528.0,266205.0,265801.0,265738.0,266075.0,266169.0
경상북도 군위군 (4772000000),23821,23800,23614,23534,23477,23451,23437,23409,23345,23351,23299,23256,23216,23130,23094,23063,22942,22924,22880,22853,22829,22894,22899,22945,23008,23053,23258,23314,23409,23405,23359,23318,23312,23302,23338,23340,,,,,,,,,,
경상북도 의성군 (4773000000),52674,52516,52333,52236,52148,52142,52051,51940,51895,51879,51827,51724,51601,51501,51404,51380,51161,51099,51042,50952,50831,50739,50665,50632,50561,50487,50560,50609,50597,50554,50477,50374,50241,50172,50113,50186,50037.0,50035.0,50016.0,50165.0,50088.0,50086.0,49882.0,49727.0,49696.0,49588.0
경상북도 청송군 (4775000000),25439,25430,25340,25291,25264,25228,25161,25122,25080,25110,25077,25044,25030,24991,24907,24904,24825,24784,24768,24773,24706,24605,24590,24539,24535,24546,24538,24555,24532,24486,24464,24387,24286,24289,24288,24295,24145.0,24088.0,24068.0,24033.0,24034.0,24019.0,24034.0,23963.0,23950.0,23935.0
경상북도 영양군 (4776000000),16999,16946,16884,16844,16786,16748,16738,16680,16669,16670,16677,16692,16638,16623,16549,16516,16494,16411,16396,16350,16319,16330,16335,16320,16289,16248,16256,16263,16262,16218,16200,16126,16095,16066,16058,16022,15818.0,15799.0,15782.0,15736.0,15704.0,15661.0,15642.0,15587.0,15553.0,15517.0
경상북도 영덕군 (4777000000),37233,37096,36969,36845,36763,36721,36666,36591,36592,36473,36399,36313,36245,36188,36043,35962,35912,35779,35732,35678,35540,35497,35451,35314,35282,35187,35166,35122,35092,35034,34991,34937,34772,34759,34688,34650,34329.0,34263.0,34201.0,34154.0,34109.0,34055.0,33982.0,33898.0,33782.0,33711.0
경상북도 청도군 (4782000000),42923,42852,42727,42684,42651,42553,42512,42480,42432,42409,42332,42263,42245,42226,42119,42085,41952,41847,41804,41736,41670,41736,41827,41891,41903,41856,41781,41734,41694,41654,41617,41609,41491,41544,41586,41614,41509.0,41486.0,41450.0,41386.0,41361.0,41316.0,41267.0,41184.0,41144.0,41140.0
경상북도 고령군 (4783000000),32296,32220,31968,31910,31842,31764,31602,31477,31394,31398,31378,31361,31310,31245,31167,31133,31024,30927,30855,30792,30683,30694,30673,30626,30623,30610,30525,30508,30428,30377,30333,30289,30198,30206,30326,30353,30206.0,30123.0,30127.0,30190.0,30184.0,30139.0,30025.0,30006.0,30050.0,30190.0
경상북도 성주군 (4784000000),43975,43904,43682,43627,43582,43488,43426,43319,43231,43205,43225,43414,43335,43234,43105,43118,43004,42964,42964,42880,42782,42781,42766,42842,42916,42972,42944,42930,42910,42861,42822,42740,42620,42595,42578,42566,42366.0,42292.0,42245.0,42207.0,42172.0,42086.0,42038.0,42001.0,41971.0,41936.0
경상북도 칠곡군 (4785000000),116772,116456,115924,115780,115658,115345,115177,114889,114719,114780,114951,114758,114777,114691,114381,114297,114029,114016,113981,114021,113870,113843,113896,113822,113683,113664,113455,113311,113312,113184,113157,112993,112740,112626,112598,112487,111372.0,111258.0,111173.0,110951.0,110881.0,110581.0,110299.0,109904.0,109475.0,109234.0
경상북도 예천군 (4790000000),55192,55401,55452,55572,55616,55750,55652,55457,55416,55437,55558,55613,55709,55807,55649,55716,55800,55784,55845,55846,55802,55809,55824,55739,55718,55704,55538,55645,55647,55572,55671,55705,55716,55793,55814,55755,55662.0,55574.0,55525.0,55450.0,55367.0,55325.0,55304.0,55221.0,55127.0,55090.0
경상북도 봉화군 (4792000000),32052,31957,31951,31889,31843,31823,31777,31701,31637,31625,31555,31494,31407,31317,31232,31236,31142,31084,31057,30969,30860,30807,30802,30762,30682,30635,30594,30572,30515,30478,30462,30413,30317,30272,30207,30139,29975.0,29921.0,29863.0,29753.0,29674.0,29603.0,29531.0,29432.0,29356.0,29393.0
경상북도 울진군 (4793000000),49188,49049,48957,48834,48815,48843,48789,48776,48806,48776,48743,48716,48675,48460,48361,48327,48313,48206,48175,48125,47969,47941,47928,47858,47775,47552,47483,47389,47430,47349,47321,47249,47167,47123,47082,47030,46801.0,46766.0,46754.0,46681.0,46661.0,46669.0,46561.0,46463.0,46390.0,46339.0
경상북도 울릉군 (4794000000),9521,9457,9348,9269,9243,9239,9250,9211,9191,9200,9128,9077,9035,9050,9019,9035,9032,8990,9019,8976,8887,8894,8888,8867,8866,8914,8977,9003,9014,9082,9062,9070,9039,9013,8985,8996,9155.0,9144.0,9114.0,9090.0,9071.0,9077.0,9031.0,9050.0,9070.0,9095.0
경상남도  (4800000000),3361344,3358828,3355341,3353380,3351347,3349454,3347637,3345169,3343770,3342831,3341063,3340216,3338396,3336045,3330463,3329623,3327298,3325840,3324735,3322373,3319271,3318161,3316365,3314183,3311438,3307005,3303274,3300692,3298016,3295615,3293709,3290991,3286470,3284495,3282849,3280493,3261361.0,3258309.0,3257009.0,3255239.0,3253619.0,3251158.0,3248703.0,3244232.0,3241374.0,3239224.0
경상남도 창원시 (4812000000),1044579,1043874,1042260,1041553,1040773,1040118,1039595,1038677,1038101,1037709,1037161,1036738,1036203,1035574,1034977,1034705,1034130,1034527,1034635,1034150,1033979,1033729,1033281,1032741,1031948,1030311,1028875,1028152,1027429,1026749,1026057,1024964,1023777,1023269,1022641,1021487,1013603.0,1012410.0,1011688.0,1010820.0,1009998.0,1009038.0,1008228.0,1006593.0,1005519.0,1004693.0
경상남도 창원시 의창구 (4812100000),260206,261904,262140,262241,262729,263184,263373,263432,263271,263161,262743,262408,261845,261339,260953,260623,260346,260018,218589,218422,218376,218234,218131,218027,217823,217623,217224,216891,216665,216485,216412,216241,216097,216095,216077,215823,214778.0,214560.0,214329.0,213987.0,213775.0,213342.0,212927.0,212543.0,212213.0,212105.0
경상남도 창원시 성산구 (4812300000),219933,218885,218233,217948,217430,216982,216658,216218,215811,215523,215143,214570,214067,213520,212926,212662,212396,212180,253362,252996,252776,252396,251982,251562,251315,250618,250100,250205,250147,250029,249886,249447,249155,248840,248650,248512,246448.0,246175.0,245918.0,245702.0,245448.0,245259.0,244866.0,244115.0,243755.0,243411.0
경상남도 창원시 마산합포구 (4812500000),177026,176334,175909,175504,175239,174956,174791,174879,174916,174830,174933,175716,176636,177905,178773,179434,179657,180374,180600,180795,180954,181146,181226,181322,181339,181306,181235,181110,180974,180790,180611,180489,180147,179985,179781,179496,178141.0,177926.0,178503.0,179040.0,179266.0,179394.0,179158.0,178910.0,179137.0,179218.0
경상남도 창원시 마산회원구 (4812700000),193975,193780,193295,193101,192751,192433,192132,191618,191582,191697,191730,191289,190739,190068,189593,189134,188784,188525,188322,187941,187618,187533,187245,186881,186598,186028,185646,185462,185215,185044,184876,184579,184241,184137,183995,183662,181821.0,181586.0,181104.0,180444.0,180145.0,179818.0,180296.0,180552.0,180302.0,180072.0
경상남도 창원시 진해구 (4812900000),193439,192971,192683,192759,192624,192563,192641,192530,192521,192498,192612,192755,192916,192742,192732,192852,192947,193430,193762,193996,194255,194420,194697,194949,194873,194736,194670,194484,194428,194401,194272,194208,194137,194212,194138,193994,192415.0,192163.0,191834.0,191647.0,191364.0,191225.0,190981.0,190473.0,190112.0,189887.0
경상남도 진주시 (4817000000),347489,347417,347546,347578,347519,347462,347317,347262,347598,347759,347795,348096,348022,347750,347034,347056,347274,347204,347314,347407,347621,347569,347380,347097,346733,346328,345957,345686,345463,345303,344966,344675,344459,344293,344133,343782,342370.0,342174.0,341992.0,341713.0,341545.0,341074.0,340520.0,340053.0,340037.0,339883.0
경상남도 통영시 (4822000000),131089,130735,130450,130221,129997,129711,129558,129226,129064,128835,128595,128293,128084,127720,126988,126798,126587,126413,126312,126141,125881,125744,125595,125383,125128,124941,124872,124554,124346,124115,123997,123645,123344,123158,123008,122681,121239.0,121103.0,121020.0,120883.0,120737.0,120551.0,120327.0,119963.0,119767.0,119591.0
경상남도 사천시 (4824000000),111845,111666,111517,111365,111268,111184,111401,111440,111442,111313,111234,111105,111005,110868,110501,110461,110371,110414,110338,110243,110099,110108,110044,109953,109916,109743,109617,109494,109474,109520,109752,109891,109585,109518,109465,109369,108966.0,108814.0,108870.0,109009.0,109008.0,109030.0,109073.0,108978.0,108943.0,108979.0
경상남도 김해시 (4825000000),542713,542787,542678,542929,543072,542842,542655,542538,542435,542376,542350,542338,542296,542254,540863,540686,540423,539841,539477,539226,538781,538682,538286,537673,537601,537125,536662,536565,536340,536175,536065,536533,535913,535734,535380,535129,533009.0,533054.0,533251.0,533396.0,533565.0,533659.0,533710.0,533236.0,532619.0,532510.0
경상남도 밀양시 (4827000000),105459,105457,105309,105201,105139,105133,105099,105026,104932,104924,104868,104831,104687,104497,104354,104383,104133,104070,103986,103891,103691,103667,103636,103525,103466,103361,103482,103375,103293,103183,103155,102979,102775,102725,102893,102945,102484.0,102341.0,102275.0,102239.0,102153.0,102084.0,101956.0,101806.0,101649.0,101535.0
경상남도 거제시 (4831000000),248130,247574,247487,247427,247096,246878,246660,246402,246231,246133,245956,245754,245492,245008,244154,243902,243484,243200,242852,242555,242103,241879,241576,241216,240802,240059,239554,239212,238822,238423,238192,237774,237293,237090,236888,236662,234613.0,234467.0,234361.0,234298.0,234142.0,234038.0,233930.0,233531.0,233181.0,233103.0
경상남도 양산시 (4833000000),351168,351457,351496,351383,351373,351596,351651,351691,351874,351910,351797,352229,352421,352682,352830,353291,353415,353686,353981,353798,353662,353783,354071,354726,354699,354489,354386,354290,353939,353886,353821,353668,353576,353410,353647,353792,354874.0,354877.0,355032.0,355136.0,355270.0,355122.0,355347.0,355413.0,355515.0,355560.0
경상남도 의령군 (4872000000),27131,27082,27040,26979,26954,26957,26902,26883,26839,26864,26818,26800,26778,26757,26669,26624,26627,26526,26530,26475,26381,26370,26330,26322,26343,26332,26335,26381,26359,26330,26271,26206,26131,26100,26087,26061,25751.0,25672.0,25620.0,25587.0,25526.0,25475.0,25440.0,25395.0,25351.0,25354.0
경상남도 함안군 (4873000000),65491,65277,65089,64959,64775,64724,64600,64497,64438,64351,64235,64182,64036,63879,63694,63573,63267,63157,63127,63039,62879,62788,62663,62547,62531,62461,62269,62163,62078,61989,61967,61776,61677,61613,61530,61456,60704.0,60572.0,60475.0,60323.0,60257.0,60203.0,60077.0,59975.0,59804.0,59625.0
경상남도 창녕군 (4874000000),62182,62161,61934,61889,61873,61825,61646,61590,61478,61561,61400,61301,61305,61286,61072,60951,60972,60754,60592,60389,60100,60102,60147,60129,59987,59950,59767,59616,59568,59424,59229,59051,58750,58633,58523,58372,57617.0,57499.0,57393.0,57275.0,57180.0,57083.0,57003.0,56891.0,56848.0,56722.0
경상남도 고성군 (4882000000),52204,52058,51946,51918,51876,51811,51737,51630,51539,51477,51442,51361,51372,51283,51035,51009,50987,50933,50894,50803,50732,50634,50558,50478,50339,50224,50126,50108,50018,49987,49962,49994,49895,49913,49871,50448,49751.0,49614.0,49590.0,49488.0,49502.0,49468.0,49306.0,49196.0,49048.0,48929.0
경상남도 남해군 (4884000000),43539,43479,43351,43223,43149,43102,43021,42980,42889,42893,43033,42958,42855,42794,42709,42688,42690,42650,42572,42538,42404,42372,42309,42266,42255,42235,42221,42172,42128,42071,42015,41919,41769,41727,41696,41579,41144.0,41012.0,40983.0,40946.0,40850.0,40780.0,40699.0,40549.0,40479.0,40391.0
경상남도 하동군 (4885000000),46331,46146,45934,45753,45628,45454,45412,45257,45132,45033,44911,44785,44673,44494,44388,44326,44223,44065,43974,43896,43650,43572,43530,43449,43315,43256,43114,43074,43036,42975,42927,42756,42679,42630,42564,42465,42042.0,41909.0,41871.0,41784.0,41702.0,41606.0,41486.0,41385.0,41326.0,41300.0
경상남도 산청군 (4886000000),35336,35277,35265,35223,35152,35140,35097,35071,34978,34921,34895,34857,34809,34788,34686,34668,34641,34587,34557,34530,34442,34416,34394,34360,34303,34244,34197,34196,34205,34194,34189,34144,34089,34062,34083,34028,34048.0,33959.0,33866.0,33800.0,33764.0,33752.0,33723.0,33692.0,33657.0,33598.0
경상남도 함양군 (4887000000),39555,39499,39404,39377,39353,39321,39274,39236,39150,39141,39076,39080,39013,39044,39014,39008,38860,38793,38736,38665,38567,38475,38415,38310,38301,38321,38283,38285,38269,38189,38131,38077,37962,37900,37797,37708,37219.0,37117.0,37100.0,37038.0,37003.0,36945.0,36873.0,36726.0,36645.0,36601.0
경상남도 거창군 (4888000000),62049,61972,61822,61700,61729,61681,61578,61468,61455,61459,61409,61502,61474,61564,61860,61877,61646,61555,61478,61399,61245,61242,61143,61073,60916,60828,60841,60756,60689,60600,60531,60523,60476,60475,60462,60387,60292.0,60184.0,60168.0,60150.0,60135.0,60047.0,59909.0,59851.0,60030.0,59971.0
경상남도 합천군 (4889000000),45054,44910,44813,44702,44621,44515,44434,44295,44195,44172,44088,44006,43871,43803,43635,43617,43568,43465,43380,43228,43054,43029,43007,42935,42855,42797,42716,42613,42560,42502,42482,42416,42320,42245,42181,42142,41635.0,41531.0,41454.0,41354.0,41282.0,41203.0,41096.0,40999.0,40956.0,40879.0
제주특별자치도  (5000000000),670749,670876,670508,670595,670793,671316,671913,672524,672948,673606,674001,674635,674615,675137,673974,674484,674877,675293,675876,675883,676079,676569,676768,676759,676691,677143,677218,677413,677766,678012,678491,679016,678426,678324,678373,678159,676810.0,676489.0,676317.0,676119.0,675845.0,675252.0,674353.0,673665.0,673103.0,672775.0
제주특별자치도 제주시 (5011000000),489202,489456,489271,489466,489734,490254,490772,491184,491446,491949,492072,492466,492346,492653,491843,492168,492383,492627,492917,492868,492927,493225,493220,493096,492919,492919,493023,493076,493275,493538,493898,494059,493575,493459,493543,493389,492647.0,492379.0,492348.0,492233.0,491987.0,491654.0,490888.0,490323.0,489939.0,489780.0
제주특별자치도 서귀포시 (5013000000),181547,181420,181237,181129,181059,181062,181141,181340,181502,181657,181929,182169,182269,182484,182131,182316,182494,182666,182959,183015,183152,183344,183548,183663,183772,184224,184195,184337,184491,184474,184593,184957,184851,184865,184830,184770,184163.0,184110.0,183969.0,183886.0,183858.0,183598.0,183465.0,183342.0,183164.0,182995.0
