"동별(1)",동별(2),동별(3),2023,2023,2023,2023,2023,2023,2023,2023,2023,2023,2023,2023
"동별(1)",동별(2),동별(3),합계,합계,합계,합계,합계,합계,합계,합계,합계,합계,합계,합계
"동별(1)",동별(2),동별(3),소계,소계,소계,국민기초생활보장 수급권자,국민기초생활보장 수급권자,국민기초생활보장 수급권자,저소득노인,저소득노인,저소득노인,일   반,일   반,일   반
"동별(1)",동별(2),동별(3),계,65~79세,80세 이상,계,65~79세,80세 이상,계,65~79세,80세 이상,계,65~79세,80세 이상
"서울특별시",소계,소계,448251,320570,127681,129275,87834,41441,12775,7236,5539,306201,225500,80701
"서울특별시",종로구,소계,11178,7784,3394,2231,1581,650,403,216,187,8544,5987,2557
"서울특별시",종로구,사직동,556,354,202,54,35,19,14,5,9,488,314,174
"서울특별시",종로구,삼청동,193,121,72,17,12,5,10,2,8,166,107,59
"서울특별시",종로구,부암동,458,295,163,44,24,20,12,3,9,402,268,134
"서울특별시",종로구,평창동,834,522,312,59,37,22,35,17,18,740,468,272
"서울특별시",종로구,무악동,436,257,179,81,43,38,32,14,18,323,200,123
"서울특별시",종로구,교남동,577,385,192,119,66,53,28,17,11,430,302,128
"서울특별시",종로구,가회동,251,165,86,19,7,12,10,6,4,222,152,70
"서울특별시",종로구,종로1.2.3.4가동,1489,1178,311,426,347,79,21,13,8,1042,818,224
"서울특별시",종로구,종로5.6가동,616,465,151,133,100,33,24,17,7,459,348,111
"서울특별시",종로구,이화동,601,396,205,134,89,45,33,14,19,434,293,141
"서울특별시",종로구,창신1동,813,630,183,234,185,49,37,28,9,542,417,125
"서울특별시",종로구,창신2동,951,705,246,251,182,69,26,16,10,674,507,167
"서울특별시",종로구,창신3동,404,273,131,85,57,28,11,8,3,308,208,100
"서울특별시",종로구,숭인1동,558,388,170,133,96,37,14,6,8,411,286,125
"서울특별시",종로구,숭인2동,954,745,209,229,179,50,25,19,6,700,547,153
"서울특별시",종로구,청운효자동,641,392,249,98,51,47,34,15,19,509,326,183
"서울특별시",종로구,혜화동,846,513,333,115,71,44,37,16,21,694,426,268
"서울특별시",중구,소계,7987,5766,2221,2553,1787,766,324,177,147,5110,3802,1308
"서울특별시",중구,소공동,87,67,20,17,15,2,-,-,-,70,52,18
"서울특별시",중구,회현동,553,433,120,219,188,31,8,4,4,326,241,85
"서울특별시",중구,명동,199,153,46,24,17,7,-,-,-,175,136,39
"서울특별시",중구,필동,316,224,92,56,39,17,8,4,4,252,181,71
"서울특별시",중구,장충동,271,181,90,60,42,18,6,4,2,205,135,70
"서울특별시",중구,광희동,475,367,108,111,86,25,15,7,8,349,274,75
"서울특별시",중구,을지로동,292,230,62,91,73,18,10,5,5,191,152,39
"서울특별시",중구,신당5동,619,469,150,219,162,57,19,13,6,381,294,87
"서울특별시",중구,황학동,700,542,158,253,187,66,17,14,3,430,341,89
"서울특별시",중구,중림동,648,490,158,237,182,55,33,15,18,378,293,85
"서울특별시",중구,신당동,636,474,162,207,159,48,18,8,10,411,307,104
"서울특별시",중구,다산동,765,547,218,206,127,79,38,17,21,521,403,118
"서울특별시",중구,약수동,1204,785,419,441,255,186,92,47,45,671,483,188
"서울특별시",중구,청구동,868,578,290,340,213,127,43,30,13,485,335,150
"서울특별시",중구,동화동,354,226,128,72,42,30,17,9,8,265,175,90
"서울특별시",용산구,소계,10498,7228,3270,3029,2073,956,96,45,51,7373,5110,2263
"서울특별시",용산구,후암동,954,674,280,287,191,96,15,7,8,652,476,176
"서울특별시",용산구,용산2가동,573,381,192,192,126,66,7,-,7,374,255,119
"서울특별시",용산구,남영동,969,786,183,559,468,91,4,4,-,406,314,92
"서울특별시",용산구,원효로2동,570,373,197,189,106,83,6,3,3,375,264,111
"서울특별시",용산구,효창동,321,221,100,52,35,17,1,-,1,268,186,82
"서울특별시",용산구,용문동,532,363,169,207,126,81,4,1,3,321,236,85
"서울특별시",용산구,이촌1동,746,411,335,18,11,7,1,-,1,727,400,327
"서울특별시",용산구,이촌2동,427,279,148,75,35,40,4,1,3,348,243,105
"서울특별시",용산구,이태원1동,375,268,107,78,54,24,7,5,2,290,209,81
"서울특별시",용산구,이태원2동,513,315,198,97,60,37,4,1,3,412,254,158
"서울특별시",용산구,서빙고동,483,277,206,111,67,44,10,6,4,362,204,158
"서울특별시",용산구,보광동,791,564,227,303,215,88,15,7,8,473,342,131
"서울특별시",용산구,청파동,1065,796,269,373,252,121,8,5,3,684,539,145
"서울특별시",용산구,원효로1동,517,379,138,132,95,37,2,1,1,383,283,100
"서울특별시",용산구,한강로동,806,537,269,174,115,59,3,3,-,629,419,210
"서울특별시",용산구,한남동,856,604,252,182,117,65,5,1,4,669,486,183
"서울특별시",성동구,소계,12141,8762,3379,3536,2354,1182,239,131,108,8366,6277,2089
"서울특별시",성동구,왕십리2동,690,496,194,198,132,66,15,7,8,477,357,120
"서울특별시",성동구,마장동,1070,744,326,264,156,108,21,12,9,785,576,209
"서울특별시",성동구,사근동,406,289,117,80,45,35,6,-,6,320,244,76
"서울특별시",성동구,행당1동,500,351,149,119,77,42,9,5,4,372,269,103
"서울특별시",성동구,행당2동,928,666,262,347,219,128,33,16,17,548,431,117
"서울특별시",성동구,응봉동,511,346,165,66,39,27,10,9,1,435,298,137
"서울특별시",성동구,금호1가동,759,524,235,308,174,134,17,12,5,434,338,96
"서울특별시",성동구,금호4가동,694,514,180,198,134,64,9,4,5,487,376,111
"서울특별시",성동구,성수1가1동,603,470,133,160,128,32,9,4,5,434,338,96
"서울특별시",성동구,성수1가2동,460,334,126,75,55,20,10,7,3,375,272,103
"서울특별시",성동구,성수2가1동,891,690,201,266,190,76,13,7,6,612,493,119
"서울특별시",성동구,성수2가3동,393,277,116,65,42,23,2,1,1,326,234,92
"서울특별시",성동구,송정동,587,461,126,231,183,48,14,8,6,342,270,72
"서울특별시",성동구,용답동,849,625,224,333,240,93,22,14,8,494,371,123
"서울특별시",성동구,왕십리도선동,1002,696,306,378,244,134,19,10,9,605,442,163
"서울특별시",성동구,금호2.3가동,947,664,283,248,163,85,14,8,6,685,493,192
"서울특별시",성동구,옥수동,851,615,236,200,133,67,16,7,9,635,475,160
"서울특별시",광진구,소계,13657,9993,3664,3875,2769,1106,981,561,420,8801,6663,2138
"서울특별시",광진구,화양동,682,500,182,164,117,47,22,16,6,496,367,129
"서울특별시",광진구,군자동,927,660,267,280,201,79,59,32,27,588,427,161
"서울특별시",광진구,중곡1동,759,565,194,254,179,75,70,46,24,435,340,95
"서울특별시",광진구,중곡2동,921,727,194,279,221,58,90,63,27,552,443,109
"서울특별시",광진구,중곡3동,992,767,225,326,248,78,79,50,29,587,469,118
"서울특별시",광진구,중곡4동,1354,1024,330,446,313,133,134,74,60,774,637,137
"서울특별시",광진구,능동,408,287,121,103,72,31,29,17,12,276,198,78
"서울특별시",광진구,구의1동,943,704,239,276,207,69,63,43,20,604,454,150
"서울특별시",광진구,구의2동,1126,861,265,341,237,104,110,65,45,675,559,116
"서울특별시",광진구,구의3동,790,528,262,144,82,62,48,26,22,598,420,178
"서울특별시",광진구,광장동,618,366,252,76,40,36,26,8,18,516,318,198
"서울특별시",광진구,자양1동,1147,845,302,396,285,111,85,46,39,666,514,152
"서울특별시",광진구,자양2동,908,685,223,264,179,85,48,17,31,596,489,107
"서울특별시",광진구,자양3동,862,547,315,125,90,35,40,15,25,697,442,255
"서울특별시",광진구,자양4동,1220,927,293,401,298,103,78,43,35,741,586,155
"서울특별시",동대문,소계,18625,13464,5161,5993,4227,1766,446,248,198,12186,8989,3197
"서울특별시",동대문,회기동,465,300,165,76,43,33,12,6,6,377,251,126
"서울특별시",동대문,휘경1동,506,354,152,103,70,33,9,4,5,394,280,114
"서울특별시",동대문,휘경2동,976,702,274,188,125,63,17,8,9,771,569,202
"서울특별시",동대문,청량리동,2095,1538,557,893,650,243,51,34,17,1151,854,297
"서울특별시",동대문,용신동,2207,1615,592,749,540,209,34,21,13,1424,1054,370
"서울특별시",동대문,제기동,2001,1413,588,706,523,183,58,41,17,1237,849,388
"서울특별시",동대문,전농1동,1991,1473,518,741,532,209,56,35,21,1194,906,288
"서울특별시",동대문,전농2동,906,648,258,305,201,104,26,15,11,575,432,143
"서울특별시",동대문,답십리2동,1464,1044,420,519,356,163,44,18,26,901,670,231
"서울특별시",동대문,장안1동,1676,1287,389,459,323,136,35,20,15,1182,944,238
"서울특별시",동대문,장안2동,1339,1015,324,356,261,95,32,12,20,951,742,209
"서울특별시",동대문,이문1동,895,591,304,244,174,70,24,12,12,627,405,222
"서울특별시",동대문,이문2동,1067,748,319,354,234,120,23,12,11,690,502,188
"서울특별시",동대문,답십리1동,1037,736,301,300,195,105,25,10,15,712,531,181
"서울특별시",중랑구,소계,22438,16977,5461,8428,5868,2560,391,233,158,13619,10876,2743
"서울특별시",중랑구,면목2동,1643,1246,397,562,389,173,28,14,14,1053,843,210
"서울특별시",중랑구,면목4동,1213,920,293,562,420,142,22,15,7,629,485,144
"서울특별시",중랑구,면목5동,630,478,152,203,137,66,8,4,4,419,337,82
"서울특별시",중랑구,면목7동,1191,898,293,362,229,133,21,12,9,808,657,151
"서울특별시",중랑구,상봉1동,1147,853,294,486,342,144,25,14,11,636,497,139
"서울특별시",중랑구,상봉2동,1111,874,237,365,277,88,12,7,5,734,590,144
"서울특별시",중랑구,중화1동,971,768,203,301,212,89,18,15,3,652,541,111
"서울특별시",중랑구,중화2동,1947,1489,458,828,616,212,30,19,11,1089,854,235
"서울특별시",중랑구,묵1동,1300,960,340,356,218,138,21,12,9,923,730,193
"서울특별시",중랑구,묵2동,1067,794,273,350,248,102,29,14,15,688,532,156
"서울특별시",중랑구,망우3동,1271,968,303,581,437,144,16,11,5,674,520,154
"서울특별시",중랑구,신내1동,1475,1065,410,566,315,251,44,29,15,865,721,144
"서울특별시",중랑구,신내2동,1310,918,392,523,347,176,23,9,14,764,562,202
"서울특별시",중랑구,면목본동,2187,1681,506,826,576,250,33,22,11,1328,1083,245
"서울특별시",중랑구,면목3.8동,1686,1285,401,610,422,188,22,14,8,1054,849,205
"서울특별시",중랑구,망우본동,2289,1780,509,947,683,264,39,22,17,1303,1075,228
"서울특별시",성북구,소계,19763,13842,5921,7495,4987,2508,994,582,412,11274,8273,3001
"서울특별시",성북구,돈암1동,744,524,220,391,243,148,30,13,17,323,268,55
"서울특별시",성북구,돈암2동,629,398,231,211,131,80,22,15,7,396,252,144
"서울특별시",성북구,안암동,650,438,212,174,124,50,26,14,12,450,300,150
"서울특별시",성북구,보문동,773,561,212,225,154,71,32,18,14,516,389,127
"서울특별시",성북구,정능1동,661,465,196,222,145,77,27,19,8,412,301,111
"서울특별시",성북구,정능2동,1078,747,331,320,215,105,66,43,23,692,489,203
"서울특별시",성북구,정능3동,1012,693,319,428,263,165,83,36,47,501,394,107
"서울특별시",성북구,정능4동,1281,921,360,399,260,139,104,64,40,778,597,181
"서울특별시",성북구,길음1동,935,648,287,377,241,136,43,22,21,515,385,130
"서울특별시",성북구,길음2동,706,551,155,333,223,110,37,26,11,336,302,34
"서울특별시",성북구,월곡1동,1211,860,351,517,327,190,52,35,17,642,498,144
"서울특별시",성북구,월곡2동,948,653,295,381,246,135,70,44,26,497,363,134
"서울특별시",성북구,장위1동,1226,934,292,630,446,184,74,48,26,522,440,82
"서울특별시",성북구,장위2동,922,652,270,464,320,144,32,19,13,426,313,113
"서울특별시",성북구,장위3동,522,397,125,230,162,68,32,18,14,260,217,43
"서울특별시",성북구,성북동,819,528,291,174,110,64,36,15,21,609,403,206
"서울특별시",성북구,삼선동,1148,812,336,382,281,101,50,31,19,716,500,216
"서울특별시",성북구,동선동,649,440,209,193,124,69,24,14,10,432,302,130
"서울특별시",성북구,종암동,1856,1174,682,677,426,251,78,46,32,1101,702,399
"서울특별시",성북구,석관동,1993,1446,547,767,546,221,76,42,34,1150,858,292
"서울특별시",강북구,소계,20398,14862,5536,7635,5241,2394,767,463,304,11996,9158,2838
"서울특별시",강북구,번1동,1207,921,286,401,301,100,34,26,8,772,594,178
"서울특별시",강북구,번2동,1352,974,378,636,437,199,94,55,39,622,482,140
"서울특별시",강북구,번3동,1695,1217,478,1059,709,350,73,49,24,563,459,104
"서울특별시",강북구,수유1동,1449,1064,385,509,350,159,57,35,22,883,679,204
"서울특별시",강북구,수유2동,1318,896,422,434,266,168,59,32,27,825,598,227
"서울특별시",강북구,수유3동,1586,1173,413,554,390,164,43,32,11,989,751,238
"서울특별시",강북구,삼양동,1625,1201,424,599,421,178,57,30,27,969,750,219
"서울특별시",강북구,미아동,1601,1179,422,527,382,145,54,25,29,1020,772,248
"서울특별시",강북구,송중동,1700,1276,424,521,370,151,68,45,23,1111,861,250
"서울특별시",강북구,송천동,2146,1598,548,743,545,198,58,37,21,1345,1016,329
"서울특별시",강북구,삼각산동,1178,816,362,576,364,212,41,28,13,561,424,137
"서울특별시",강북구,우이동,1416,1002,414,390,255,135,58,35,23,968,712,256
"서울특별시",강북구,인수동,2125,1545,580,686,451,235,71,34,37,1368,1060,308
"서울특별시",도봉구,소계,17136,12129,5007,4964,3221,1743,1133,631,502,11039,8277,2762
"서울특별시",도봉구,쌍문1동,1144,810,334,358,215,143,113,74,39,673,521,152
"서울특별시",도봉구,쌍문2동,1220,846,374,375,241,134,101,57,44,744,548,196
"서울특별시",도봉구,쌍문3동,974,715,259,291,196,95,82,48,34,601,471,130
"서울특별시",도봉구,쌍문4동,645,424,221,108,24,84,47,25,22,490,375,115
"서울특별시",도봉구,방학1동,1666,1254,412,604,448,156,86,48,38,976,758,218
"서울특별시",도봉구,방학2동,1548,1141,407,717,481,236,112,73,39,719,587,132
"서울특별시",도봉구,방학3동,998,640,358,116,62,54,77,37,40,805,541,264
"서울특별시",도봉구,창1동,1223,851,372,238,152,86,42,20,22,943,679,264
"서울특별시",도봉구,창2동,1294,910,384,335,205,130,104,57,47,855,648,207
"서울특별시",도봉구,창3동,906,654,252,374,241,133,46,28,18,486,385,101
"서울특별시",도봉구,창4동,945,640,305,122,76,46,32,13,19,791,551,240
"서울특별시",도봉구,창5동,981,678,303,193,120,73,47,21,26,741,537,204
"서울특별시",도봉구,도봉1동,1911,1383,528,632,442,190,151,85,66,1128,856,272
"서울특별시",도봉구,도봉2동,1681,1183,498,501,318,183,93,45,48,1087,820,267
"서울특별시",노원구,소계,36839,25500,11339,10115,6657,3458,482,211,271,26242,18632,7610
"서울특별시",노원구,월계1동,1374,984,390,299,204,95,19,6,13,1056,774,282
"서울특별시",노원구,월계2동,3183,2286,897,1107,751,356,39,26,13,2037,1509,528
"서울특별시",노원구,월계3동,2613,1836,777,760,517,243,26,14,12,1827,1305,522
"서울특별시",노원구,공릉2동,2407,1803,604,319,210,109,21,8,13,2067,1585,482
"서울특별시",노원구,하계1동,2363,1684,679,1047,720,327,27,13,14,1289,951,338
"서울특별시",노원구,하계2동,2089,1441,648,360,215,145,18,13,5,1711,1213,498
"서울특별시",노원구,중계본동,1033,680,353,124,74,50,18,3,15,891,603,288
"서울특별시",노원구,중계1동,808,546,262,214,135,79,13,5,8,581,406,175
"서울특별시",노원구,중계4동,1355,908,447,745,496,249,24,8,16,586,404,182
"서울특별시",노원구,상계1동,2006,1362,644,580,358,222,36,17,19,1390,987,403
"서울특별시",노원구,상계2동,3007,2044,963,259,186,73,19,3,16,2729,1855,874
"서울특별시",노원구,상계5동,2374,1688,686,579,393,186,34,20,14,1761,1275,486
"서울특별시",노원구,상계8동,1034,733,301,64,32,32,4,2,2,966,699,267
"서울특별시",노원구,상계9동,2240,1573,667,126,73,53,10,2,8,2104,1498,606
"서울특별시",노원구,상계10동,1732,1194,538,79,43,36,9,3,6,1644,1148,496
"서울특별시",노원구,상계3.4동,2404,1564,840,957,611,346,51,20,31,1396,933,463
"서울특별시",노원구,상계6.7동,929,601,328,188,111,77,26,6,20,715,484,231
"서울특별시",노원구,중계2.3동,2408,1547,861,1463,923,540,60,35,25,885,589,296
"서울특별시",노원구,공릉1동,1480,1026,454,845,605,240,28,7,21,607,414,193
"서울특별시",은평구,소계,23291,16905,6386,7630,5095,2535,547,309,238,15114,11501,3613
"서울특별시",은평구,녹번동,2238,1626,612,665,461,204,49,25,24,1524,1140,384
"서울특별시",은평구,불광1동,2263,1621,642,758,514,244,42,22,20,1463,1085,378
"서울특별시",은평구,갈현1동,876,667,209,330,204,126,27,12,15,519,451,68
"서울특별시",은평구,갈현2동,1295,954,341,403,270,133,36,15,21,856,669,187
"서울특별시",은평구,구산동,1413,1033,380,468,306,162,43,27,16,902,700,202
"서울특별시",은평구,대조동,1608,1155,453,518,357,161,33,13,20,1057,785,272
"서울특별시",은평구,응암1동,1326,971,355,363,245,118,23,11,12,940,715,225
"서울특별시",은평구,응암2동,924,677,247,369,243,126,25,13,12,530,421,109
"서울특별시",은평구,신사1동,1155,849,306,295,200,95,22,11,11,838,638,200
"서울특별시",은평구,신사2동,981,693,288,306,195,111,16,9,7,659,489,170
"서울특별시",은평구,증산동,781,586,195,199,142,57,14,9,5,568,435,133
"서울특별시",은평구,수색동,648,459,189,264,176,88,12,8,4,372,275,97
"서울특별시",은평구,진관동,1413,1025,388,476,293,183,40,27,13,897,705,192
"서울특별시",은평구,불광2동,2113,1575,538,808,568,240,45,32,13,1260,975,285
"서울특별시",은평구,응암3동,1957,1353,604,669,448,221,40,20,20,1248,885,363
"서울특별시",은평구,역촌동,2300,1661,639,739,473,266,80,55,25,1481,1133,348
"서울특별시",서대문구,소계,14318,9867,4451,3880,2665,1215,329,224,105,10109,6978,3131
"서울특별시",서대문구,천연동,1033,685,348,383,252,131,12,10,2,638,423,215
"서울특별시",서대문구,홍제1동,1195,841,354,267,193,74,31,15,16,897,633,264
"서울특별시",서대문구,홍제3동,1054,690,364,315,204,111,41,30,11,698,456,242
"서울특별시",서대문구,홍제2동,724,503,221,136,54,82,15,10,5,573,439,134
"서울특별시",서대문구,홍은1동,1181,792,389,328,216,112,39,31,8,814,545,269
"서울특별시",서대문구,홍은2동,1275,874,401,256,172,84,26,21,5,993,681,312
"서울특별시",서대문구,남가좌1동,444,333,111,130,88,42,5,5,-,309,240,69
"서울특별시",서대문구,남가좌2동,1368,968,400,470,338,132,27,22,5,871,608,263
"서울특별시",서대문구,북가좌1동,585,397,188,164,114,50,15,7,8,406,276,130
"서울특별시",서대문구,북가좌2동,1678,1207,471,533,386,147,48,43,5,1097,778,319
"서울특별시",서대문구,충현동,987,688,299,290,208,82,21,9,12,676,471,205
"서울특별시",서대문구,북아현동,669,478,191,210,162,48,12,4,8,447,312,135
"서울특별시",서대문구,신촌동,646,425,221,107,71,36,14,4,10,525,350,175
"서울특별시",서대문구,연희동,1479,986,493,291,207,84,23,13,10,1165,766,399
"서울특별시",마포구,소계,14065,9715,4350,3593,2377,1216,396,239,157,10076,7099,2977
"서울특별시",마포구,용강동,721,480,241,193,123,70,22,11,11,506,346,160
"서울특별시",마포구,대흥동,685,473,212,196,139,57,11,7,4,478,327,151
"서울특별시",마포구,염리동,588,417,171,165,110,55,17,13,4,406,294,112
"서울특별시",마포구,신수동,745,498,247,137,83,54,16,12,4,592,403,189
"서울특별시",마포구,서교동,858,598,260,107,87,20,17,11,6,734,500,234
"서울특별시",마포구,합정동,678,474,204,130,93,37,14,7,7,534,374,160
"서울특별시",마포구,망원1동,902,645,257,223,150,73,18,11,7,661,484,177
"서울특별시",마포구,망원2동,720,490,230,159,93,66,18,8,10,543,389,154
"서울특별시",마포구,연남동,567,399,168,113,75,38,20,14,6,434,310,124
"서울특별시",마포구,성산1동,720,526,194,168,113,55,23,14,9,529,399,130
"서울특별시",마포구,성산2동,1870,1291,579,721,489,232,65,41,24,1084,761,323
"서울특별시",마포구,상암동,794,579,215,274,163,111,40,18,22,480,398,82
"서울특별시",마포구,도화동,929,610,319,237,146,91,17,10,7,675,454,221
"서울특별시",마포구,서강동,693,455,238,122,81,41,20,15,5,551,359,192
"서울특별시",마포구,공덕동,1790,1221,569,444,306,138,53,30,23,1293,885,408
"서울특별시",마포구,아현동,805,559,246,204,126,78,25,17,8,576,416,160
"서울특별시",양천구,소계,17825,13301,4524,5791,3904,1887,471,255,216,11563,9142,2421
"서울특별시",양천구,목1동,586,417,169,160,100,60,16,7,9,410,310,100
"서울특별시",양천구,목2동,1001,760,241,302,207,95,28,14,14,671,539,132
"서울특별시",양천구,목3동,917,693,224,301,215,86,20,11,9,596,467,129
"서울특별시",양천구,목4동,879,634,245,258,169,89,25,15,10,596,450,146
"서울특별시",양천구,신월1동,1474,1147,327,605,428,177,36,19,17,833,700,133
"서울특별시",양천구,신월2동,994,763,231,284,182,102,27,15,12,683,566,117
"서울특별시",양천구,신월3동,1275,979,296,507,368,139,36,23,13,732,588,144
"서울특별시",양천구,신월4동,711,531,180,143,91,52,28,13,15,540,427,113
"서울특별시",양천구,신월5동,674,534,140,238,171,67,17,11,6,419,352,67
"서울특별시",양천구,신월6동,414,330,84,102,68,34,5,3,2,307,259,48
"서울특별시",양천구,신월7동,1370,971,399,369,237,132,67,26,41,934,708,226
"서울특별시",양천구,신정1동,523,347,176,95,61,34,11,4,7,417,282,135
"서울특별시",양천구,신정2동,687,493,194,328,205,123,20,15,5,339,273,66
"서울특별시",양천구,신정3동,1911,1473,438,669,464,205,60,35,25,1182,974,208
"서울특별시",양천구,신정6동,403,267,136,15,7,8,3,-,3,385,260,125
"서울특별시",양천구,신정7동,1626,1176,450,822,522,300,36,20,16,768,634,134
"서울특별시",양천구,목5동,621,424,197,13,8,5,3,1,2,605,415,190
"서울특별시",양천구,신정4동,1759,1362,397,580,401,179,33,23,10,1146,938,208
"서울특별시",강서구,소계,26046,19493,6553,10606,7326,3280,642,391,251,14798,11776,3022
"서울특별시",강서구,염창동,681,512,169,78,43,35,16,10,6,587,459,128
"서울특별시",강서구,등촌1동,835,472,363,95,60,35,10,4,6,730,408,322
"서울특별시",강서구,등촌2동,604,449,155,129,80,49,18,8,10,457,361,96
"서울특별시",강서구,등촌3동,3055,2152,903,2092,1477,615,60,39,21,903,636,267
"서울특별시",강서구,화곡본동,1427,1113,314,501,341,160,38,20,18,888,752,136
"서울특별시",강서구,화곡2동,802,628,174,270,189,81,25,21,4,507,418,89
"서울특별시",강서구,화곡3동,850,628,222,194,126,68,19,11,8,637,491,146
"서울특별시",강서구,화곡4동,1051,816,235,393,275,118,27,12,15,631,529,102
"서울특별시",강서구,화곡6동,1053,808,245,327,214,113,23,12,11,703,582,121
"서울특별시",강서구,화곡8동,1132,911,221,328,239,89,30,19,11,774,653,121
"서울특별시",강서구,가양1동,584,452,132,68,34,34,22,9,13,494,409,85
"서울특별시",강서구,가양2동,1982,1463,519,1477,1026,451,45,29,16,460,408,52
"서울특별시",강서구,가양3동,1515,1125,390,921,617,304,45,28,17,549,480,69
"서울특별시",강서구,발산1동,1095,819,276,400,266,134,43,31,12,652,522,130
"서울특별시",강서구,공항동,1081,860,221,367,256,111,39,31,8,675,573,102
"서울특별시",강서구,방화1동,1368,1062,306,369,260,109,29,18,11,970,784,186
"서울특별시",강서구,방화2동,1667,1226,441,727,503,224,41,30,11,899,693,206
"서울특별시",강서구,방화3동,1992,1439,553,1000,693,307,36,21,15,956,725,231
"서울특별시",강서구,화곡1동,2261,1791,470,671,497,174,61,33,28,1529,1261,268
"서울특별시",강서구,우장산동,1011,767,244,199,130,69,15,5,10,797,632,165
"서울특별시",구로구,소계,18521,13703,4818,4799,3232,1567,470,268,202,13252,10203,3049
"서울특별시",구로구,신도림동,682,480,202,69,39,30,13,3,10,600,438,162
"서울특별시",구로구,구로1동,433,322,111,42,24,18,12,7,5,379,291,88
"서울특별시",구로구,구로3동,883,669,214,160,111,49,25,18,7,698,540,158
"서울특별시",구로구,구로4동,1511,1085,426,451,303,148,33,20,13,1027,762,265
"서울특별시",구로구,구로5동,1231,891,340,239,158,81,30,17,13,962,716,246
"서울특별시",구로구,고척1동,1036,737,299,200,127,73,26,11,15,810,599,211
"서울특별시",구로구,고척2동,1494,1081,413,446,292,154,33,20,13,1015,769,246
"서울특별시",구로구,개봉2동,1279,958,321,312,204,108,25,15,10,942,739,203
"서울특별시",구로구,개봉3동,1066,817,249,216,139,77,34,20,14,816,658,158
"서울특별시",구로구,오류1동,1184,847,337,426,270,156,41,23,18,717,554,163
"서울특별시",구로구,수궁동,1205,922,283,319,219,100,47,26,21,839,677,162
"서울특별시",구로구,가리봉동,939,712,227,316,242,74,11,5,6,612,465,147
"서울특별시",구로구,구로2동,1835,1340,495,487,336,151,45,29,16,1303,975,328
"서울특별시",구로구,개봉1동,1785,1360,425,523,363,160,36,25,11,1226,972,254
"서울특별시",구로구,오류2동,1632,1214,418,493,325,168,53,25,28,1086,864,222
"서울특별시",구로구,항동,326,268,58,100,80,20,6,4,2,220,184,36
"서울특별시",금천구,소계,12219,9157,3062,3131,1957,1174,669,433,236,8419,6767,1652
"서울특별시",금천구,가산동,902,704,198,220,153,67,24,18,6,658,533,125
"서울특별시",금천구,독산1동,1521,1141,380,377,232,145,80,50,30,1064,859,205
"서울특별시",금천구,독산2동,1193,916,277,329,216,113,56,38,18,808,662,146
"서울특별시",금천구,독산3동,1436,1076,360,288,180,108,80,51,29,1068,845,223
"서울특별시",금천구,독산4동,875,695,180,190,121,69,44,32,12,641,542,99
"서울특별시",금천구,시흥1동,1971,1474,497,408,243,165,99,56,43,1464,1175,289
"서울특별시",금천구,시흥2동,1042,734,308,370,210,160,85,56,29,587,468,119
"서울특별시",금천구,시흥3동,580,428,152,98,52,46,33,19,14,449,357,92
"서울특별시",금천구,시흥4동,1165,893,272,331,219,112,70,47,23,764,627,137
"서울특별시",금천구,시흥5동,1534,1096,438,520,331,189,98,66,32,916,699,217
"서울특별시",영등포구,소계,16508,6027,10481,1514,613,901,756,241,515,14238,5173,9065
"서울특별시",영등포구,여의동,1032,259,773,41,12,29,7,2,5,984,245,739
"서울특별시",영등포구,당산1동,953,369,584,89,37,52,38,13,25,826,319,507
"서울특별시",영등포구,당산2동,776,234,542,51,17,34,24,9,15,701,208,493
"서울특별시",영등포구,양평1동,635,207,428,77,33,44,18,5,13,540,169,371
"서울특별시",영등포구,양평2동,538,178,360,65,27,38,24,7,17,449,144,305
"서울특별시",영등포구,신길1동,1276,469,807,111,48,63,80,21,59,1085,400,685
"서울특별시",영등포구,신길3동,915,302,613,88,33,55,49,12,37,778,257,521
"서울특별시",영등포구,신길4동,770,272,498,96,37,59,63,14,49,611,221,390
"서울특별시",영등포구,신길5동,608,217,391,99,36,63,63,27,36,446,154,292
"서울특별시",영등포구,신길6동,826,269,557,87,34,53,52,17,35,687,218,469
"서울특별시",영등포구,신길7동,469,149,320,61,22,39,18,2,16,390,125,265
"서울특별시",영등포구,대림1동,908,282,626,84,31,53,47,12,35,777,239,538
"서울특별시",영등포구,대림2동,888,272,616,83,31,52,39,11,28,766,230,536
"서울특별시",영등포구,대림3동,1213,441,772,100,41,59,63,16,47,1050,384,666
"서울특별시",영등포구,영등포본동,1344,578,766,103,48,55,49,18,31,1192,512,680
"서울특별시",영등포구,영등포동,1483,872,611,107,52,55,54,26,28,1322,794,528
"서울특별시",영등포구,도림동,1019,386,633,104,46,58,38,17,21,877,323,554
"서울특별시",영등포구,문래동,855,271,584,68,28,40,30,12,18,757,231,526
"서울특별시",동작구,소계,15892,11440,4452,4387,2917,1470,280,139,141,11225,8384,2841
"서울특별시",동작구,노량진2동,821,612,209,302,218,84,20,10,10,499,384,115
"서울특별시",동작구,상도1동,1575,1107,468,496,286,210,43,24,19,1036,797,239
"서울특별시",동작구,상도2동,863,586,277,173,105,68,18,4,14,672,477,195
"서울특별시",동작구,상도3동,1155,842,313,329,221,108,28,17,11,798,604,194
"서울특별시",동작구,상도4동,1530,1121,409,456,308,148,31,15,16,1043,798,245
"서울특별시",동작구,사당1동,1011,789,222,259,192,67,11,5,6,741,592,149
"서울특별시",동작구,사당3동,851,647,204,175,131,44,9,-,9,667,516,151
"서울특별시",동작구,사당4동,708,519,189,207,136,71,13,4,9,488,379,109
"서울특별시",동작구,사당5동,557,412,145,138,86,52,8,4,4,411,322,89
"서울특별시",동작구,대방동,1409,1011,398,471,326,145,24,15,9,914,670,244
"서울특별시",동작구,신대방1동,990,732,258,250,176,74,12,4,8,728,552,176
"서울특별시",동작구,신대방2동,740,528,212,186,120,66,7,3,4,547,405,142
"서울특별시",동작구,흑석동,1019,653,366,217,128,89,14,8,6,788,517,271
"서울특별시",동작구,노량진1동,1455,1004,451,453,283,170,21,15,6,981,706,275
"서울특별시",동작구,사당2동,1208,877,331,275,201,74,21,11,10,912,665,247
"서울특별시",관악구,소계,22579,16940,5639,7417,5063,2354,438,262,176,14724,11615,3109
"서울특별시",관악구,보라매동,1254,924,330,376,273,103,19,7,12,859,644,215
"서울특별시",관악구,청림동,720,505,215,238,142,96,10,6,4,472,357,115
"서울특별시",관악구,행운동,1205,921,284,407,269,138,28,21,7,770,631,139
"서울특별시",관악구,낙성대동,581,433,148,147,105,42,3,2,1,431,326,105
"서울특별시",관악구,중앙동,735,550,185,228,150,78,12,7,5,495,393,102
"서울특별시",관악구,인헌동,1007,736,271,220,142,78,22,12,10,765,582,183
"서울특별시",관악구,남현동,663,543,120,151,114,37,14,9,5,498,420,78
"서울특별시",관악구,서원동,896,681,215,243,168,75,16,8,8,637,505,132
"서울특별시",관악구,신원동,1038,772,266,387,281,106,26,13,13,625,478,147
"서울특별시",관악구,서림동,978,751,227,274,201,73,19,14,5,685,536,149
"서울특별시",관악구,신사동,1080,828,252,371,255,116,19,14,5,690,559,131
"서울특별시",관악구,신림동,682,545,137,227,180,47,8,5,3,447,360,87
"서울특별시",관악구,난향동,645,473,172,218,132,86,21,10,11,406,331,75
"서울특별시",관악구,조원동,855,653,202,269,193,76,9,5,4,577,455,122
"서울특별시",관악구,대학동,968,727,241,259,214,45,19,12,7,690,501,189
"서울특별시",관악구,은천동,1592,1198,394,582,392,190,34,21,13,976,785,191
"서울특별시",관악구,성현동,1496,1076,420,633,389,244,33,19,14,830,668,162
"서울특별시",관악구,청룡동,1388,1062,326,445,325,120,20,11,9,923,726,197
"서울특별시",관악구,난곡동,1673,1254,419,654,451,203,35,20,15,984,783,201
"서울특별시",관악구,삼성동,1677,1207,470,684,420,264,32,21,11,961,766,195
"서울특별시",관악구,미성동,1446,1101,345,404,267,137,39,25,14,1003,809,194
"서울특별시",서초구,소계,10945,8160,2785,2332,1714,618,220,138,82,8393,6308,2085
"서울특별시",서초구,서초1동,638,470,168,140,98,42,10,4,6,488,368,120
"서울특별시",서초구,서초2동,424,321,103,45,34,11,8,5,3,371,282,89
"서울특별시",서초구,서초3동,839,614,225,110,77,33,10,4,6,719,533,186
"서울특별시",서초구,서초4동,510,345,165,29,18,11,3,-2,5,478,329,149
"서울특별시",서초구,잠원동,632,462,170,106,82,24,9,4,5,517,376,141
"서울특별시",서초구,반포본동,3,2,1,-,-,-,-,-,-,3,2,1
"서울특별시",서초구,반포1동,763,608,155,151,128,23,4,3,1,608,477,131
"서울특별시",서초구,반포2동,308,223,85,11,4,7,5,2,3,292,217,75
"서울특별시",서초구,반포3동,461,296,165,12,4,8,6,2,4,443,290,153
"서울특별시",서초구,반포4동,441,328,113,32,23,9,5,4,1,404,301,103
"서울특별시",서초구,방배본동,549,392,157,101,73,28,11,5,6,437,314,123
"서울특별시",서초구,방배1동,561,417,144,123,86,37,17,16,1,421,315,106
"서울특별시",서초구,방배2동,737,542,195,206,148,58,18,14,4,513,380,133
"서울특별시",서초구,방배3동,353,256,97,42,31,11,11,11,-,300,214,86
"서울특별시",서초구,방배4동,665,470,195,126,79,47,8,4,4,531,387,144
"서울특별시",서초구,양재1동,1614,1275,339,686,509,177,51,29,22,877,737,140
"서울특별시",서초구,양재2동,829,674,155,252,210,42,24,19,5,553,445,108
"서울특별시",서초구,내곡동,618,465,153,160,110,50,20,14,6,438,341,97
"서울특별시",강남구,소계,20973,15616,5357,3660,2640,1020,423,260,163,16890,12716,4174
"서울특별시",강남구,신사동,578,384,194,54,35,19,10,6,4,514,343,171
"서울특별시",강남구,개포3동,1628,1244,384,438,326,112,62,38,24,1128,880,248
"서울특별시",강남구,논현1동,905,720,185,161,138,23,6,6,-,738,576,162
"서울특별시",강남구,논현2동,731,554,177,74,56,18,10,6,4,647,492,155
"서울특별시",강남구,삼성1동,388,286,102,24,17,7,2,-,2,362,269,93
"서울특별시",강남구,삼성2동,825,592,233,95,59,36,17,13,4,713,520,193
"서울특별시",강남구,대치1동,240,168,72,2,-,2,1,-,1,237,168,69
"서울특별시",강남구,대치4동,589,476,113,102,85,17,5,4,1,482,387,95
"서울특별시",강남구,역삼1동,1228,991,237,197,163,34,18,12,6,1013,816,197
"서울특별시",강남구,역삼2동,780,584,196,85,70,15,13,7,6,682,507,175
"서울특별시",강남구,도곡1동,510,381,129,32,24,8,8,7,1,470,350,120
"서울특별시",강남구,도곡2동,713,498,215,20,15,5,4,1,3,689,482,207
"서울특별시",강남구,개포1동,599,475,124,48,28,20,20,15,5,531,432,99
"서울특별시",강남구,개포4동,871,660,211,154,112,42,16,11,5,701,537,164
"서울특별시",강남구,일원본동,531,377,154,30,17,13,5,1,4,496,359,137
"서울특별시",강남구,일원1동,1600,1184,416,440,297,143,58,31,27,1102,856,246
"서울특별시",강남구,수서동,3410,2625,785,1141,835,306,57,39,18,2212,1751,461
"서울특별시",강남구,세곡동,1908,1273,635,397,250,147,81,46,35,1430,977,453
"서울특별시",강남구,압구정동,876,564,312,29,17,12,5,3,2,842,544,298
"서울특별시",강남구,청담동,671,502,169,40,29,11,6,2,4,625,471,154
"서울특별시",강남구,대치2동,638,484,154,37,22,15,7,5,2,594,457,137
"서울특별시",강남구,개포2동,754,594,160,60,45,15,12,7,5,682,542,140
"서울특별시",송파구,소계,25889,19547,6342,5154,3710,1444,287,193,94,20448,15644,4804
"서울특별시",송파구,풍납1동,1029,802,227,235,174,61,11,6,5,783,622,161
"서울특별시",송파구,풍납2동,1002,754,248,171,120,51,13,7,6,818,627,191
"서울특별시",송파구,거여1동,877,646,231,220,158,62,10,8,2,647,480,167
"서울특별시",송파구,거여2동,1559,1136,423,383,254,129,12,10,2,1164,872,292
"서울특별시",송파구,마천1동,1847,1370,477,529,363,166,17,10,7,1301,997,304
"서울특별시",송파구,마천2동,1691,1292,399,441,311,130,16,11,5,1234,970,264
"서울특별시",송파구,방이1동,491,355,136,91,63,28,5,4,1,395,288,107
"서울특별시",송파구,방이2동,1229,979,250,260,209,51,13,7,6,956,763,193
"서울특별시",송파구,오륜동,307,210,97,9,3,6,2,-,2,296,207,89
"서울특별시",송파구,오금동,1861,1370,491,392,271,121,22,15,7,1447,1084,363
"서울특별시",송파구,송파1동,876,678,198,158,118,40,7,6,1,711,554,157
"서울특별시",송파구,송파2동,504,378,126,78,60,18,6,6,-,420,312,108
"서울특별시",송파구,석촌동,1637,1303,334,341,274,67,20,15,5,1276,1014,262
"서울특별시",송파구,삼전동,1542,1207,335,362,288,74,16,11,5,1164,908,256
"서울특별시",송파구,가락본동,1117,856,261,211,151,60,9,7,2,897,698,199
"서울특별시",송파구,가락1동,540,422,118,51,32,19,11,9,2,478,381,97
"서울특별시",송파구,가락2동,884,648,236,139,95,44,11,5,6,734,548,186
"서울특별시",송파구,문정1동,631,493,138,110,82,28,10,5,5,511,406,105
"서울특별시",송파구,문정2동,540,362,178,28,17,11,4,2,2,508,343,165
"서울특별시",송파구,잠실본동,1388,1138,250,314,258,56,14,10,4,1060,870,190
"서울특별시",송파구,잠실4동,405,297,108,7,3,4,8,6,2,390,288,102
"서울특별시",송파구,잠실6동,371,244,127,16,11,5,3,1,2,352,232,120
"서울특별시",송파구,잠실7동,264,155,109,4,2,2,-,-,-,260,153,107
"서울특별시",송파구,잠실2동,495,351,144,8,2,6,3,2,1,484,347,137
"서울특별시",송파구,잠실3동,736,541,195,20,10,10,6,1,5,710,530,180
"서울특별시",송파구,장지동,1355,1007,348,368,239,129,17,15,2,970,753,217
"서울특별시",송파구,위례동,711,553,158,208,142,66,21,14,7,482,397,85
"서울특별시",강동구,소계,18520,14392,4128,5527,3856,1671,591,386,205,12402,10150,2252
"서울특별시",강동구,명일1동,823,634,189,152,109,43,21,12,9,650,513,137
"서울특별시",강동구,명일2동,372,272,100,56,29,27,8,6,2,308,237,71
"서울특별시",강동구,고덕1동,476,361,115,142,80,62,23,12,11,311,269,42
"서울특별시",강동구,고덕2동,659,518,141,199,127,72,19,12,7,441,379,62
"서울특별시",강동구,암사2동,485,365,120,59,47,12,8,5,3,418,313,105
"서울특별시",강동구,암사3동,391,289,102,40,17,23,11,4,7,340,268,72
"서울특별시",강동구,천호1동,1595,1245,350,571,410,161,49,32,17,975,803,172
"서울특별시",강동구,천호3동,1497,1161,336,552,394,158,48,31,17,897,736,161
"서울특별시",강동구,성내1동,584,452,132,83,54,29,10,8,2,491,390,101
"서울특별시",강동구,성내2동,1404,1075,329,384,268,116,49,34,15,971,773,198
"서울특별시",강동구,성내3동,973,755,218,217,162,55,32,23,9,724,570,154
"서울특별시",강동구,둔촌1동,3,2,1,2,1,1,-,-,-,1,1,-
"서울특별시",강동구,둔촌2동,908,687,221,177,105,72,36,24,12,695,558,137
"서울특별시",강동구,암사1동,1832,1420,412,602,417,185,62,33,29,1168,970,198
"서울특별시",강동구,천호2동,1912,1515,397,740,551,189,47,36,11,1125,928,197
"서울특별시",강동구,길동,2119,1666,453,556,403,153,40,27,13,1523,1236,287
"서울특별시",강동구,강일동,1357,1082,275,647,455,192,68,50,18,642,577,65
"서울특별시",강동구,상일1동,667,534,133,111,69,42,17,7,10,539,458,81
"서울특별시",강동구,상일2동,463,359,104,237,158,79,43,30,13,183,171,12
